/*
SQLyog Ultimate v11.24 (64 bit)
MySQL - 5.7.30-33-57-log : Database - puppet2.0
*********************************************************************
*/

/*!40101 SET NAMES utf8 */;

/*!40101 SET SQL_MODE=''*/;

/*!40014 SET @OLD_UNIQUE_CHECKS=@@UNIQUE_CHECKS, UNIQUE_CHECKS=0 */;
/*!40101 SET @OLD_SQL_MODE=@@SQL_MODE, SQL_MODE='NO_AUTO_VALUE_ON_ZERO' */;
/*!40111 SET @OLD_SQL_NOTES=@@SQL_NOTES, SQL_NOTES=0 */;
CREATE DATABASE /*!32312 IF NOT EXISTS*/`puppet2.0` /*!40100 DEFAULT CHARACTER SET utf8mb4 */;

USE `puppet2.0`;

/*Table structure for table `t_db_backup_config` */

CREATE TABLE `t_db_backup_config` (
  `id` int(11) NOT NULL AUTO_INCREMENT,
  `server_id` varchar(20) NOT NULL DEFAULT '',
  `db_id` varchar(10) NOT NULL DEFAULT '',
  `db_type` varchar(1) NOT NULL DEFAULT '',
  `db_tag` varchar(100) NOT NULL DEFAULT '',
  `expire` int(11) NOT NULL DEFAULT '0',
  `bk_base` varchar(100) NOT NULL DEFAULT '',
  `script_path` varchar(200) NOT NULL DEFAULT '',
  `script_file` varchar(100) NOT NULL DEFAULT '',
  `bk_cmd` varchar(100) NOT NULL DEFAULT '',
  `run_time` varchar(100) NOT NULL DEFAULT '',
  `comments` varchar(100) NOT NULL DEFAULT '',
  `backup_databases` varchar(1000) NOT NULL DEFAULT '',
  `api_server` varchar(200) NOT NULL DEFAULT '',
  `status` varchar(1) NOT NULL DEFAULT '',
  `task_status` varchar(1) NOT NULL DEFAULT '',
  `creator` varchar(10) NOT NULL DEFAULT '',
  `updater` varchar(10) NOT NULL DEFAULT '',
  `create_date` datetime NOT NULL COMMENT '创建时间',
  `last_update_date` datetime NOT NULL COMMENT '修改时间',
  PRIMARY KEY (`id`)
) ENGINE=InnoDB AUTO_INCREMENT=75 DEFAULT CHARSET=utf8mb4;

/*Data for the table `t_db_backup_config` */

insert  into `t_db_backup_config`(`id`,`server_id`,`db_id`,`db_type`,`db_tag`,`expire`,`bk_base`,`script_path`,`script_file`,`bk_cmd`,`run_time`,`comments`,`backup_databases`,`api_server`,`status`,`task_status`,`creator`,`updater`,`create_date`,`last_update_date`) values (1,'15','92','0','mysql_10_2_39_84_3306',14,'/home/hopson/apps/usr/webserver/dba/db_backup/mysqldump_bigdata_uat','/home/hopson/apps/usr/webserver/dba/script','mysql_backup.py','/usr/local/mysql5.6/bin/mysqldump','0 9 * * *','合生通大数据mysql库[uat]备份','','10.2.39.18','1','','DBA','DBA','2021-05-24 10:56:21','2021-05-24 15:38:22');
insert  into `t_db_backup_config`(`id`,`server_id`,`db_id`,`db_type`,`db_tag`,`expire`,`bk_base`,`script_path`,`script_file`,`bk_cmd`,`run_time`,`comments`,`backup_databases`,`api_server`,`status`,`task_status`,`creator`,`updater`,`create_date`,`last_update_date`) values (2,'15','2','0','mysql_10_2_39_80_3306',7,'/home/hopson/apps/usr/webserver/dba/db_backup/mysqldump_uat','/home/hopson/apps/usr/webserver/dba/script','mysql_backup.py','/usr/local/mysql5.6/bin/mysqldump','30 9 * * *','合生通mysql测试环境备份','','10.2.39.18','1','0','DBA','DBA','2021-05-24 10:56:21','2021-05-24 10:56:21');
insert  into `t_db_backup_config`(`id`,`server_id`,`db_id`,`db_type`,`db_tag`,`expire`,`bk_base`,`script_path`,`script_file`,`bk_cmd`,`run_time`,`comments`,`backup_databases`,`api_server`,`status`,`task_status`,`creator`,`updater`,`create_date`,`last_update_date`) values (3,'15','3','6','mongo_10_2_39_41_27016',7,'/home/hopson/apps/usr/webserver/dba/db_backup/mongodump_dev','/home/hopson/apps/usr/webserver/dba/script','mongo_backup.py','/usr/local/mongod3211/bin/mongodump','0 9 * * *','合生通MongoDB开发环境备份','','10.2.39.18','1','0','DBA','DBA','2021-05-24 10:56:21','2021-05-24 10:56:21');
insert  into `t_db_backup_config`(`id`,`server_id`,`db_id`,`db_type`,`db_tag`,`expire`,`bk_base`,`script_path`,`script_file`,`bk_cmd`,`run_time`,`comments`,`backup_databases`,`api_server`,`status`,`task_status`,`creator`,`updater`,`create_date`,`last_update_date`) values (4,'15','4','6','mongo_10_2_39_71_27016',7,'/home/hopson/apps/usr/webserver/dba/db_backup/mongodump_uat','/home/hopson/apps/usr/webserver/dba/script','mongo_backup.py','/usr/local/mongod3211/bin/mongodump','0 9 * * *','合生通MongoDB测试环境备份','','10.2.39.18','1','0','DBA','DBA','2021-05-24 10:56:21','2021-05-24 10:56:21');
insert  into `t_db_backup_config`(`id`,`server_id`,`db_id`,`db_type`,`db_tag`,`expire`,`bk_base`,`script_path`,`script_file`,`bk_cmd`,`run_time`,`comments`,`backup_databases`,`api_server`,`status`,`task_status`,`creator`,`updater`,`create_date`,`last_update_date`) values (6,'15','7','4','elasticserach_10_2_39_41_9200',7,'/home/hopson/apps/usr/webserver/dba/db_backup/elasticdump_dev','/home/hopson/apps/usr/webserver/dba/script','elastic_backup.py','/home/hopson/apps/usr/webserver/dba/tools/node_modules/elasticdump/bin/elasticdump','0 9 * * *','合生通ElasticSearch开发环境备份','','10.2.39.18','1','0','DBA','DBA','2021-05-24 10:56:21','2021-05-24 10:56:21');
insert  into `t_db_backup_config`(`id`,`server_id`,`db_id`,`db_type`,`db_tag`,`expire`,`bk_base`,`script_path`,`script_file`,`bk_cmd`,`run_time`,`comments`,`backup_databases`,`api_server`,`status`,`task_status`,`creator`,`updater`,`create_date`,`last_update_date`) values (7,'15','8','4','elasticserach_10_2_39_71_9200',7,'/home/hopson/apps/usr/webserver/dba/db_backup/elasticdump_uat','/home/hopson/apps/usr/webserver/dba/script','elastic_backup.py','/home/hopson/apps/usr/webserver/dba/tools/node_modules/elasticdump/bin/elasticdump','0 9 * * *','合生通ElasticSearch测试环境备份','','10.2.39.18','1','0','DBA','DBA','2021-05-24 10:56:21','2021-05-24 10:56:21');
insert  into `t_db_backup_config`(`id`,`server_id`,`db_id`,`db_type`,`db_tag`,`expire`,`bk_base`,`script_path`,`script_file`,`bk_cmd`,`run_time`,`comments`,`backup_databases`,`api_server`,`status`,`task_status`,`creator`,`updater`,`create_date`,`last_update_date`) values (8,'15','5','5','redis_10_2_39_40_7000',7,'/home/hopson/apps/usr/webserver/dba/db_backup/redis_dev','/home/hopson/apps/usr/webserver/dba/script','redis_backup.py','/home/hopson/.rvm/gems/ruby-2.5.1/bin/redis-dump','30 9 * * *','合生通Redis开发环境备份','','10.2.39.18','1','0','DBA','DBA','2021-05-24 10:56:21','2021-05-24 10:56:21');
insert  into `t_db_backup_config`(`id`,`server_id`,`db_id`,`db_type`,`db_tag`,`expire`,`bk_base`,`script_path`,`script_file`,`bk_cmd`,`run_time`,`comments`,`backup_databases`,`api_server`,`status`,`task_status`,`creator`,`updater`,`create_date`,`last_update_date`) values (9,'15','6','5','redis_10_2_39_70_6379',7,'/home/hopson/apps/usr/webserver/dba/db_backup/redis_uat','/home/hopson/apps/usr/webserver/dba/script','redis_backup.py','/home/hopson/.rvm/gems/ruby-2.5.1/bin/redis-dump','30 9 * * *','合生通Redis测试环境备份','','10.2.39.18','1','0','DBA','DBA','2021-05-24 10:56:21','2021-05-24 10:56:21');
insert  into `t_db_backup_config`(`id`,`server_id`,`db_id`,`db_type`,`db_tag`,`expire`,`bk_base`,`script_path`,`script_file`,`bk_cmd`,`run_time`,`comments`,`backup_databases`,`api_server`,`status`,`task_status`,`creator`,`updater`,`create_date`,`last_update_date`) values (11,'17','9','0','mysql_172.17.31.171_3306',3,'/home/hopson/apps/usr/webserver/dba/db_backup/mysqldump_bi','/home/hopson/apps/usr/webserver/dba/script','mysql_backup.py','/home/hopson/apps/usr/webserver/mysql5.6/bin/mysqldump','0 0 * * *','合生通mysql生产环境[bi]备份','','124.127.103.190:21080','1','0','DBA','DBA','2021-05-24 10:56:21','2021-05-24 10:56:21');
insert  into `t_db_backup_config`(`id`,`server_id`,`db_id`,`db_type`,`db_tag`,`expire`,`bk_base`,`script_path`,`script_file`,`bk_cmd`,`run_time`,`comments`,`backup_databases`,`api_server`,`status`,`task_status`,`creator`,`updater`,`create_date`,`last_update_date`) values (12,'17','10','0','mysql_172.17.219.137_3306',7,'/home/hopson/apps/usr/webserver/dba/db_backup/mysqldump_prod','/home/hopson/apps/usr/webserver/dba/script','mysql_backup.py','/usr/bin/mydumper','30 0 * * *','合生通mysql生产环境[biz]备份','','124.127.103.190:21080','1','0','DBA','DBA','2021-05-24 10:56:21','2021-05-24 10:56:21');
insert  into `t_db_backup_config`(`id`,`server_id`,`db_id`,`db_type`,`db_tag`,`expire`,`bk_base`,`script_path`,`script_file`,`bk_cmd`,`run_time`,`comments`,`backup_databases`,`api_server`,`status`,`task_status`,`creator`,`updater`,`create_date`,`last_update_date`) values (13,'17','11','0','mysql_172.17.194.53_3306',7,'/home/hopson/apps/usr/webserver/dba/db_backup/mysqldump_pre','/home/hopson/apps/usr/webserver/dba/script','mysql_backup.py','/home/hopson/apps/usr/webserver/mysql5.6/bin/mysqldump','0 2 * * *','合生通mysql预生产环境[pre]备份','','124.127.103.190:21080','1','0','DBA','DBA','2021-05-24 10:56:21','2021-05-24 10:56:21');
insert  into `t_db_backup_config`(`id`,`server_id`,`db_id`,`db_type`,`db_tag`,`expire`,`bk_base`,`script_path`,`script_file`,`bk_cmd`,`run_time`,`comments`,`backup_databases`,`api_server`,`status`,`task_status`,`creator`,`updater`,`create_date`,`last_update_date`) values (14,'17','12','0','mysql_172.17.194.50_3306',7,'/home/hopson/apps/usr/webserver/dba/db_backup/mysqldump_viki','/home/hopson/apps/usr/webserver/dba/script','mysql_backup.py','/home/hopson/apps/usr/webserver/mysql5.6/bin/mysqldump','30 2 * * *','合生通mysql生产环境[viki]备份','','124.127.103.190:21080','1','0','DBA','DBA','2021-05-24 10:56:21','2021-05-24 10:56:21');
insert  into `t_db_backup_config`(`id`,`server_id`,`db_id`,`db_type`,`db_tag`,`expire`,`bk_base`,`script_path`,`script_file`,`bk_cmd`,`run_time`,`comments`,`backup_databases`,`api_server`,`status`,`task_status`,`creator`,`updater`,`create_date`,`last_update_date`) values (15,'36','13','0','mysql_192.168.100.93_3306',7,'/home/hopson/apps/usr/webserver/dba/db_backup/mysqldump_h3bpm','/home/hopson/apps/usr/webserver/dba/script','mysql_backup.py','/usr/bin/mysqldump','30 3 * * *','合生通mysql生产环境[h3bpm]备份','','124.127.103.190:21080','1','0','DBA','DBA','2021-05-24 10:56:21','2021-05-24 10:56:21');
insert  into `t_db_backup_config`(`id`,`server_id`,`db_id`,`db_type`,`db_tag`,`expire`,`bk_base`,`script_path`,`script_file`,`bk_cmd`,`run_time`,`comments`,`backup_databases`,`api_server`,`status`,`task_status`,`creator`,`updater`,`create_date`,`last_update_date`) values (16,'15','25','0','mysql_10_2_39_58_3306',7,'/home/hopson/apps/usr/webserver/dba/db_backup/mysqldump_h3bpm','/home/hopson/apps/usr/webserver/dba/script','mysql_backup.py','/usr/local/mysql5.6/bin/mysqldump','30 1 * * *','合生通&好房h3bpm测试环境备份','','10.2.39.18','1','0','DBA','DBA','2021-05-24 10:56:21','2021-05-24 10:56:21');
insert  into `t_db_backup_config`(`id`,`server_id`,`db_id`,`db_type`,`db_tag`,`expire`,`bk_base`,`script_path`,`script_file`,`bk_cmd`,`run_time`,`comments`,`backup_databases`,`api_server`,`status`,`task_status`,`creator`,`updater`,`create_date`,`last_update_date`) values (17,'17','26','6','mongo_172_17_194_51_27016',7,'/home/hopson/apps/usr/webserver/dba/db_backup/mongodump_pre','/home/hopson/apps/usr/webserver/dba/script','mongo_backup.py','/home/hopson/apps/usr/webserver/mongod3.4.6/bin/mongodump','0 7 * * *','合生通mongodb预生产环境[pre]备份','','124.127.103.190:21080','1','0','DBA','DBA','2021-05-24 10:56:21','2021-05-24 10:56:21');
insert  into `t_db_backup_config`(`id`,`server_id`,`db_id`,`db_type`,`db_tag`,`expire`,`bk_base`,`script_path`,`script_file`,`bk_cmd`,`run_time`,`comments`,`backup_databases`,`api_server`,`status`,`task_status`,`creator`,`updater`,`create_date`,`last_update_date`) values (18,'17','27','4','elasticserach_172_17_194_51_9200',7,'/home/hopson/apps/usr/webserver/dba/db_backup/elasticdump_pre','/home/hopson/apps/usr/webserver/dba/script','elastic_backup.py','/home/hopson/apps/usr/webserver/db_tools/node-v9.7.1-linux-x64/bin/elasticdump','30 4 * * *','合生通elasticsearch预生产环境备份','','124.127.103.190:21080','1','0','DBA','DBA','2021-05-24 10:56:21','2021-05-24 10:56:21');
insert  into `t_db_backup_config`(`id`,`server_id`,`db_id`,`db_type`,`db_tag`,`expire`,`bk_base`,`script_path`,`script_file`,`bk_cmd`,`run_time`,`comments`,`backup_databases`,`api_server`,`status`,`task_status`,`creator`,`updater`,`create_date`,`last_update_date`) values (19,'17','28','5','redis_172.17.194.51_6379',7,'/home/hopson/apps/usr/webserver/dba/db_backup/redis_pre','/home/hopson/apps/usr/webserver/dba/script','redis_backup.py','/home/hopson/.rvm/gems/ruby-2.5.1/bin/redis-dump','30 6 * * *','合生通redis预发布环境_one备份','','124.127.103.190:21080','1','0','DBA','DBA','2021-05-24 10:56:21','2021-05-24 10:56:21');
insert  into `t_db_backup_config`(`id`,`server_id`,`db_id`,`db_type`,`db_tag`,`expire`,`bk_base`,`script_path`,`script_file`,`bk_cmd`,`run_time`,`comments`,`backup_databases`,`api_server`,`status`,`task_status`,`creator`,`updater`,`create_date`,`last_update_date`) values (20,'17','29','5','redis_172.17.194.51_6380',7,'/home/hopson/apps/usr/webserver/dba/db_backup/redis_pre','/home/hopson/apps/usr/webserver/dba/script','redis_backup.py','/home/hopson/.rvm/gems/ruby-2.5.1/bin/redis-dump','0 7 * * *','合生通redis预发布环境_mall备份','','124.127.103.190:21080','1','0','DBA','DBA','2021-05-24 10:56:21','2021-05-24 10:56:21');
insert  into `t_db_backup_config`(`id`,`server_id`,`db_id`,`db_type`,`db_tag`,`expire`,`bk_base`,`script_path`,`script_file`,`bk_cmd`,`run_time`,`comments`,`backup_databases`,`api_server`,`status`,`task_status`,`creator`,`updater`,`create_date`,`last_update_date`) values (21,'17','32','5','redis_172.17.41.169_6379',7,'/home/hopson/apps/usr/webserver/dba/db_backup/redis_prod','/home/hopson/apps/usr/webserver/dba/script','redis_backup.py','/home/hopson/.rvm/gems/ruby-2.5.1/bin/redis-dump','0 6 * * *','合生通redis生产环境-mall备份','','124.127.103.190:21080','0','0','DBA','DBA','2021-05-24 10:56:21','2021-05-24 10:56:21');
insert  into `t_db_backup_config`(`id`,`server_id`,`db_id`,`db_type`,`db_tag`,`expire`,`bk_base`,`script_path`,`script_file`,`bk_cmd`,`run_time`,`comments`,`backup_databases`,`api_server`,`status`,`task_status`,`creator`,`updater`,`create_date`,`last_update_date`) values (22,'17','31','5','redis_172.17.194.46_6379',7,'/home/hopson/apps/usr/webserver/dba/db_backup/redis_prod','/home/hopson/apps/usr/webserver/dba/script','redis_backup.py','/home/hopson/.rvm/gems/ruby-2.5.1/bin/redis-dump','30 5 * * *','合生通redis生产环境-one备份','','124.127.103.190:21080','0','0','DBA','DBA','2021-05-24 10:56:21','2021-05-24 10:56:21');
insert  into `t_db_backup_config`(`id`,`server_id`,`db_id`,`db_type`,`db_tag`,`expire`,`bk_base`,`script_path`,`script_file`,`bk_cmd`,`run_time`,`comments`,`backup_databases`,`api_server`,`status`,`task_status`,`creator`,`updater`,`create_date`,`last_update_date`) values (23,'15','36','0','mysql_10_2_39_18_3306',7,'/home/hopson/apps/usr/webserver/dba/db_backup/mysqldump_dbops','/home/hopson/apps/usr/webserver/dba/script','mysql_backup.py','/usr/local/mysql5.6/bin/mysqldump --skip-add-locks --skip-lock-tables','30 17 * * *','合生通mysql数据库运维平台备份','','10.2.39.18','1','0','DBA','DBA','2021-05-24 10:56:21','2021-05-24 10:56:21');
insert  into `t_db_backup_config`(`id`,`server_id`,`db_id`,`db_type`,`db_tag`,`expire`,`bk_base`,`script_path`,`script_file`,`bk_cmd`,`run_time`,`comments`,`backup_databases`,`api_server`,`status`,`task_status`,`creator`,`updater`,`create_date`,`last_update_date`) values (24,'17','30','4','elasticserach_172.17.194.36_9200',3,'/home/hopson/apps/usr/webserver/dba/db_backup/elasticdump_prod','/home/hopson/apps/usr/webserver/dba/script','elastic_backup.py','/home/hopson/apps/usr/webserver/db_tools/node-v9.7.1-linux-x64/bin/elasticdump','30 4 * * *','合生通elasticsearch生产环境备份','','124.127.103.190:21080','1','0','DBA','DBA','2021-05-24 10:56:21','2021-05-24 10:56:21');
insert  into `t_db_backup_config`(`id`,`server_id`,`db_id`,`db_type`,`db_tag`,`expire`,`bk_base`,`script_path`,`script_file`,`bk_cmd`,`run_time`,`comments`,`backup_databases`,`api_server`,`status`,`task_status`,`creator`,`updater`,`create_date`,`last_update_date`) values (25,'17','47','6','mongo_172.17.194.37_27016',7,'/home/hopson/apps/usr/webserver/dba/db_backup/mongodump_prod','/home/hopson/apps/usr/webserver/dba/script','mongo_backup.py','/home/hopson/apps/usr/webserver/mongod3.4.6/bin/mongodump','30 6 * * *','合生通mongodb生产环境[prod]备份','','124.127.103.190:21080','1','0','DBA','DBA','2021-05-24 10:56:21','2021-05-24 10:56:21');
insert  into `t_db_backup_config`(`id`,`server_id`,`db_id`,`db_type`,`db_tag`,`expire`,`bk_base`,`script_path`,`script_file`,`bk_cmd`,`run_time`,`comments`,`backup_databases`,`api_server`,`status`,`task_status`,`creator`,`updater`,`create_date`,`last_update_date`) values (26,'36','66','0','mysql_192.168.100.87_3306',30,'/home/hopson/apps/usr/webserver/dba/db_backup/mysqldump_prod','/home/hopson/apps/usr/webserver/dba/script','mysql_backup.py','/usr/bin/mydumper','0 1 * * *','好房mysql生产环境-[biz]备份','','124.127.103.190:21080','1','0','DBA','DBA','2021-05-24 10:56:21','2021-05-24 10:56:21');
insert  into `t_db_backup_config`(`id`,`server_id`,`db_id`,`db_type`,`db_tag`,`expire`,`bk_base`,`script_path`,`script_file`,`bk_cmd`,`run_time`,`comments`,`backup_databases`,`api_server`,`status`,`task_status`,`creator`,`updater`,`create_date`,`last_update_date`) values (27,'36','70','0','mysql_192_168_100_95',30,'/home/hopson/apps/usr/webserver/dba/db_backup/mysqldump_bi','/home/hopson/apps/usr/webserver/dba/script','mysql_backup.py','/usr/bin/mydumper','0 2 * * *','好房mysql生产环境-[bi]备份','do_project,do_xxl_job,easylife_bi_analysis,easylife_commallot,yanjiuyuan_export','124.127.103.190:21080','1','0','DBA','DBA','2021-05-24 10:56:21','2021-05-24 10:56:21');
insert  into `t_db_backup_config`(`id`,`server_id`,`db_id`,`db_type`,`db_tag`,`expire`,`bk_base`,`script_path`,`script_file`,`bk_cmd`,`run_time`,`comments`,`backup_databases`,`api_server`,`status`,`task_status`,`creator`,`updater`,`create_date`,`last_update_date`) values (28,'36','71','0','mysql_192_168_101_95_3306',30,'/home/hopson/apps/usr/webserver/dba/db_backup/mysqldump_gray','/home/hopson/apps/usr/webserver/dba/script','mysql_backup.py','/usr/bin/mysqldump','0 3 * * *','好房mysql灰度环境备份','','124.127.103.190:21080','1','0','DBA','DBA','2021-05-24 10:56:21','2021-05-24 10:56:21');
insert  into `t_db_backup_config`(`id`,`server_id`,`db_id`,`db_type`,`db_tag`,`expire`,`bk_base`,`script_path`,`script_file`,`bk_cmd`,`run_time`,`comments`,`backup_databases`,`api_server`,`status`,`task_status`,`creator`,`updater`,`create_date`,`last_update_date`) values (29,'36','72','6','mongo_192.168.100.79_27017',30,'/home/hopson/apps/usr/webserver/dba/db_backup/mongodump_prod','/home/hopson/apps/usr/webserver/dba/script','mongo_backup.py','/home/hopson/apps/usr/webserver/mongod3.4.6/bin/mongodump','0 4 * * *','好房mongodb生产环境[prod]备份','','124.127.103.190:21080','1','0','DBA','DBA','2021-05-24 10:56:21','2021-05-24 10:56:21');
insert  into `t_db_backup_config`(`id`,`server_id`,`db_id`,`db_type`,`db_tag`,`expire`,`bk_base`,`script_path`,`script_file`,`bk_cmd`,`run_time`,`comments`,`backup_databases`,`api_server`,`status`,`task_status`,`creator`,`updater`,`create_date`,`last_update_date`) values (30,'36','73','5','redis_192.168.100.88_6379',30,'/home/hopson/apps/usr/webserver/dba/db_backup/redis_prod','/home/hopson/apps/usr/webserver/dba/script','redis_backup.py','/home/hopson/.rvm/gems/ruby-2.5.1/bin/redis-dump','0 5 * * *','好房redis生产环境[prod]备份','','124.127.103.190:21080','0','0','DBA','DBA','2021-05-24 10:56:21','2021-05-24 10:56:21');
insert  into `t_db_backup_config`(`id`,`server_id`,`db_id`,`db_type`,`db_tag`,`expire`,`bk_base`,`script_path`,`script_file`,`bk_cmd`,`run_time`,`comments`,`backup_databases`,`api_server`,`status`,`task_status`,`creator`,`updater`,`create_date`,`last_update_date`) values (31,'36','74','4','elasticserach_192.168.100.76_9200',30,'/home/hopson/apps/usr/webserver/dba/db_backup/elasticdump_prod','/home/hopson/apps/usr/webserver/dba/script','elastic_backup.py','/usr/local/bin/elasticdump','30 5 * * *','好房elasticsearch生产环境备份','','124.127.103.190:21080','1','0','DBA','DBA','2021-05-24 10:56:21','2021-05-24 10:56:21');
insert  into `t_db_backup_config`(`id`,`server_id`,`db_id`,`db_type`,`db_tag`,`expire`,`bk_base`,`script_path`,`script_file`,`bk_cmd`,`run_time`,`comments`,`backup_databases`,`api_server`,`status`,`task_status`,`creator`,`updater`,`create_date`,`last_update_date`) values (32,'15','75','0','mysql_10_2_39_225_3306',7,'/home/hopson/apps/usr/webserver/dba/db_backup/mysqldump_zabbix','/home/hopson/apps/usr/webserver/dba/script','mysql_backup.py','/usr/local/mysql5.6/bin/mysqldump','0 1 * * *','合生通zabbix生产环境[内网]备份','','10.2.39.18','1','0','DBA','DBA','2021-05-24 10:56:21','2021-05-24 10:56:21');
insert  into `t_db_backup_config`(`id`,`server_id`,`db_id`,`db_type`,`db_tag`,`expire`,`bk_base`,`script_path`,`script_file`,`bk_cmd`,`run_time`,`comments`,`backup_databases`,`api_server`,`status`,`task_status`,`creator`,`updater`,`create_date`,`last_update_date`) values (33,'15','82','0','mysql_10_2_39_97_3306',7,'/home/hopson/apps/usr/webserver/dba/db_backup/mysqldump_easylife_dev','/home/hopson/apps/usr/webserver/dba/script','mysql_backup.py','/usr/local/mysql5.6/bin/mysqldump','0 2 * * *','好房mysql开发环境-[dev]-[backup]备份','','10.2.39.18','1','0','DBA','DBA','2021-05-24 10:56:21','2021-05-24 10:56:21');
insert  into `t_db_backup_config`(`id`,`server_id`,`db_id`,`db_type`,`db_tag`,`expire`,`bk_base`,`script_path`,`script_file`,`bk_cmd`,`run_time`,`comments`,`backup_databases`,`api_server`,`status`,`task_status`,`creator`,`updater`,`create_date`,`last_update_date`) values (34,'15','83','0','mysql_10_2_39_129_3306',7,'/home/hopson/apps/usr/webserver/dba/db_backup/mysqldump_easylife_uat','/home/hopson/apps/usr/webserver/dba/script','mysql_backup.py','/usr/local/mysql5.6/bin/mysqldump','30 2 * * *','好房mysql开发环境-[uat]-[backup]备份','','10.2.39.18','1','0','DBA','DBA','2021-05-24 10:56:21','2021-05-24 10:56:21');
insert  into `t_db_backup_config`(`id`,`server_id`,`db_id`,`db_type`,`db_tag`,`expire`,`bk_base`,`script_path`,`script_file`,`bk_cmd`,`run_time`,`comments`,`backup_databases`,`api_server`,`status`,`task_status`,`creator`,`updater`,`create_date`,`last_update_date`) values (35,'17','161','0','mysql_172_17_41_177_3306',7,'/home/hopson/apps/usr/webserver/dba/db_backup/mysqldump_prod_hft','/home/hopson/apps/usr/webserver/dba/script','mysql_backup.py','/home/hopson/apps/usr/webserver/mysql5.6/bin/mysqldump','30 0 * * *','会付通mysql生产环境[biz]-[slave]-[内网]备份','','124.127.103.190:21080','1','0','DBA','DBA','2021-05-24 10:56:21','2021-05-24 10:56:21');
insert  into `t_db_backup_config`(`id`,`server_id`,`db_id`,`db_type`,`db_tag`,`expire`,`bk_base`,`script_path`,`script_file`,`bk_cmd`,`run_time`,`comments`,`backup_databases`,`api_server`,`status`,`task_status`,`creator`,`updater`,`create_date`,`last_update_date`) values (36,'15','91','0','mysql_10_2_39_165_3306',7,'/home/hopson/apps/usr/webserver/dba/db_backup/mysqldump_bigdata_dev','/home/hopson/apps/usr/webserver/dba/script','mysql_backup.py','/usr/local/mysql5.6/bin/mysqldump','0 5 * * *','合生通大数据mysql库[dev]备份','','10.2.39.18','1','0','DBA','DBA','2021-05-24 10:56:21','2021-05-24 10:56:21');
insert  into `t_db_backup_config`(`id`,`server_id`,`db_id`,`db_type`,`db_tag`,`expire`,`bk_base`,`script_path`,`script_file`,`bk_cmd`,`run_time`,`comments`,`backup_databases`,`api_server`,`status`,`task_status`,`creator`,`updater`,`create_date`,`last_update_date`) values (38,'17','90','0','mysql_192_168_100_63_3306',7,'/home/hopson/apps/usr/webserver/dba/db_backup/mysqldump_bigdata_prod','/home/hopson/apps/usr/webserver/dba/script','mysql_backup.py','/home/hopson/apps/usr/webserver/mysql5.6/bin/mysqldump','0 5 * * *','合生通大数据mysql库[prod]备份','','124.127.103.190:21080','1','0','DBA','DBA','2021-05-24 10:56:21','2021-05-24 10:56:21');
insert  into `t_db_backup_config`(`id`,`server_id`,`db_id`,`db_type`,`db_tag`,`expire`,`bk_base`,`script_path`,`script_file`,`bk_cmd`,`run_time`,`comments`,`backup_databases`,`api_server`,`status`,`task_status`,`creator`,`updater`,`create_date`,`last_update_date`) values (39,'15','1','0','mysql_10_2_39_40_3306',7,'/home/hopson/apps/usr/webserver/dba/db_backup/mysqldump_dev','/home/hopson/apps/usr/webserver/dba/script','mysql_backup.py','/usr/local/mysql5.6/bin/mysqldump','0 9 * * *','合生通mysql开发环境备份','','10.2.39.18','1','0','DBA','DBA','2021-05-24 10:56:21','2021-05-24 10:56:21');
insert  into `t_db_backup_config`(`id`,`server_id`,`db_id`,`db_type`,`db_tag`,`expire`,`bk_base`,`script_path`,`script_file`,`bk_cmd`,`run_time`,`comments`,`backup_databases`,`api_server`,`status`,`task_status`,`creator`,`updater`,`create_date`,`last_update_date`) values (40,'15','101','0','mysql_10_2_39_194_3306',7,'/home/hopson/apps/usr/webserver/dba/db_backup/mysqldump_platform_uat','/home/hopson/apps/usr/webserver/dba/script','mysql_backup.py','/usr/local/mysql5.6/bin/mysqldump','0 18 * * *','平台组mysql环境[dev@uat]备份','','10.2.39.18','1','0','DBA','DBA','2021-05-24 10:56:21','2021-05-24 10:56:21');
insert  into `t_db_backup_config`(`id`,`server_id`,`db_id`,`db_type`,`db_tag`,`expire`,`bk_base`,`script_path`,`script_file`,`bk_cmd`,`run_time`,`comments`,`backup_databases`,`api_server`,`status`,`task_status`,`creator`,`updater`,`create_date`,`last_update_date`) values (41,'15','102','0','mysql_10_2_39_195_3306',7,'/home/hopson/apps/usr/webserver/dba/db_backup/mysqldump_platform_test','/home/hopson/apps/usr/webserver/dba/script','mysql_backup.py','/usr/local/mysql5.6/bin/mysqldump','0 18 * * *','平台组mysql环境[test]备份','','10.2.39.18','1','0','DBA','DBA','2021-05-24 10:56:21','2021-05-24 10:56:21');
insert  into `t_db_backup_config`(`id`,`server_id`,`db_id`,`db_type`,`db_tag`,`expire`,`bk_base`,`script_path`,`script_file`,`bk_cmd`,`run_time`,`comments`,`backup_databases`,`api_server`,`status`,`task_status`,`creator`,`updater`,`create_date`,`last_update_date`) values (42,'76','135','0','mysql_172_26_29_74_3306',30,'/home/hopson/apps/usr/webserver/dba/db_backup/mysqldump','/home/hopson/apps/usr/webserver/dba/script','mysql_backup.py','/home/hopson/apps/usr/webserver/mysql-5.6.46/bin/mysqldump','0 23 * * *','投资系统mysql生产库备份','','124.127.103.190:21080','1','0','DBA','DBA','2021-05-24 10:56:21','2021-05-24 10:56:21');
insert  into `t_db_backup_config`(`id`,`server_id`,`db_id`,`db_type`,`db_tag`,`expire`,`bk_base`,`script_path`,`script_file`,`bk_cmd`,`run_time`,`comments`,`backup_databases`,`api_server`,`status`,`task_status`,`creator`,`updater`,`create_date`,`last_update_date`) values (44,'77','136','0','mysql_172_26_29_48_3306',3,'/home/hopson/apps/usr/webserver/dba/db_backup/mysqldump','/home/hopson/apps/usr/webserver/dba/script','mysql_backup.py','/usr/bin/mysqldump','0 23 * * *','OA系统mysql生产库备份','','124.127.103.190:21080','1','0','DBA','DBA','2021-05-24 10:56:21','2021-05-24 10:56:21');
insert  into `t_db_backup_config`(`id`,`server_id`,`db_id`,`db_type`,`db_tag`,`expire`,`bk_base`,`script_path`,`script_file`,`bk_cmd`,`run_time`,`comments`,`backup_databases`,`api_server`,`status`,`task_status`,`creator`,`updater`,`create_date`,`last_update_date`) values (45,'79','137','2','mssql_172_26_29_65_1433',3,'D:\\DB_BAK','D:\\dba\\script','mssql_backup.py','sqlcmd','0 1 * * *','商管-BI系统-mssql生产库备份','HS','10.2.39.18','1','0','DBA','DBA','2021-05-24 10:56:21','2021-05-24 10:56:21');
insert  into `t_db_backup_config`(`id`,`server_id`,`db_id`,`db_type`,`db_tag`,`expire`,`bk_base`,`script_path`,`script_file`,`bk_cmd`,`run_time`,`comments`,`backup_databases`,`api_server`,`status`,`task_status`,`creator`,`updater`,`create_date`,`last_update_date`) values (46,'80','138','1','oracle_172_26_29_44_1521',7,'D:\\database','D:\\dba\\script','oracle_backup.py','expdp','0 1 * * *','商管-乐软系统-oracle生产库备份','zjwy','10.2.39.18','1','0','DBA','DBA','2021-05-24 10:56:21','2021-05-24 10:56:21');
insert  into `t_db_backup_config`(`id`,`server_id`,`db_id`,`db_type`,`db_tag`,`expire`,`bk_base`,`script_path`,`script_file`,`bk_cmd`,`run_time`,`comments`,`backup_databases`,`api_server`,`status`,`task_status`,`creator`,`updater`,`create_date`,`last_update_date`) values (48,'92','141','1','oracle_172_26_29_91_1521_orcl',7,'D:\\dba\\backup','D:\\dba\\script','oracle_backup.py','expdp','0 1 * * *','商管-结算系统2.0-oracle生产库备份','scott','10.2.39.18','1','0','DBA','DBA','2021-05-24 10:56:21','2021-05-24 10:56:21');
insert  into `t_db_backup_config`(`id`,`server_id`,`db_id`,`db_type`,`db_tag`,`expire`,`bk_base`,`script_path`,`script_file`,`bk_cmd`,`run_time`,`comments`,`backup_databases`,`api_server`,`status`,`task_status`,`creator`,`updater`,`create_date`,`last_update_date`) values (50,'92','140','1','oracle_172_26_29_91_1521_finedb',7,'D:\\dba\\backup','D:\\dba\\script','oracle_backup.py','expdp','0 1 * * *','商管-结算系统2.0-帆软-oracle生产库备份','scott','10.2.39.18','1','0','DBA','DBA','2021-05-24 10:56:21','2021-05-24 10:56:21');
insert  into `t_db_backup_config`(`id`,`server_id`,`db_id`,`db_type`,`db_tag`,`expire`,`bk_base`,`script_path`,`script_file`,`bk_cmd`,`run_time`,`comments`,`backup_databases`,`api_server`,`status`,`task_status`,`creator`,`updater`,`create_date`,`last_update_date`) values (54,'92','142','2','mssql_172_26_29_91_1433',7,'D:\\dba\\backup','D:\\dba\\script','mssql_backup.py','sqlcmd','0 1 * * *','商管-结算系统1.0-mssql生产库备份','HS,jssys','10.2.39.18','1','0','DBA','DBA','2021-05-24 10:56:21','2021-05-24 10:56:21');
insert  into `t_db_backup_config`(`id`,`server_id`,`db_id`,`db_type`,`db_tag`,`expire`,`bk_base`,`script_path`,`script_file`,`bk_cmd`,`run_time`,`comments`,`backup_databases`,`api_server`,`status`,`task_status`,`creator`,`updater`,`create_date`,`last_update_date`) values (55,'111','149','2','mssql_172_26_29_70_1433',3,'D:\\dba\\backup','D:\\dba\\script','mssql_backup.py','sqlcmd','0 1 * * *','商管-资产租赁系统-mssql生产库备份','TrendsMall_Hopson,ESS_InterfacePlatform','10.2.39.18','1','0','DBA','DBA','2021-05-24 10:56:21','2021-05-24 10:56:21');
insert  into `t_db_backup_config`(`id`,`server_id`,`db_id`,`db_type`,`db_tag`,`expire`,`bk_base`,`script_path`,`script_file`,`bk_cmd`,`run_time`,`comments`,`backup_databases`,`api_server`,`status`,`task_status`,`creator`,`updater`,`create_date`,`last_update_date`) values (59,'131','156','2','mssql_172_26_29_94_1433',7,'/opt/mssql_backup','/opt/dba/syncer','mssql_backup.py','sqlcmd','0 1 * * *','商管-招采系统mssql测试库备份','hrs_uat','124.127.103.190:21080','1','0','DBA','DBA','2021-05-24 10:56:21','2021-05-24 10:56:21');
insert  into `t_db_backup_config`(`id`,`server_id`,`db_id`,`db_type`,`db_tag`,`expire`,`bk_base`,`script_path`,`script_file`,`bk_cmd`,`run_time`,`comments`,`backup_databases`,`api_server`,`status`,`task_status`,`creator`,`updater`,`create_date`,`last_update_date`) values (63,'141','157','2','mssql_172_26_29_100_1433',7,'/opt/mssql_backup','/opt/dba/syncer','mssql_backup.py','sqlcmd','0 1 * * *','商管-招采系统mssql生产库备份','hrs_prod','10.2.39.18','1','0','DBA','DBA','2021-05-24 10:56:21','2021-05-24 10:56:21');
insert  into `t_db_backup_config`(`id`,`server_id`,`db_id`,`db_type`,`db_tag`,`expire`,`bk_base`,`script_path`,`script_file`,`bk_cmd`,`run_time`,`comments`,`backup_databases`,`api_server`,`status`,`task_status`,`creator`,`updater`,`create_date`,`last_update_date`) values (66,'148','172','2','mssql_172_26_29_87_1433',3,'D:\\DB_BAK','D:\\dba\\script','mssql_backup.py','sqlcmd','0 1 * * *','商管-合约系统-mssql生产库备份','HopsonCost,HopsonCost_JG,HopsonCostUatV1,HopsonCostV2,HopsonCostLL','10.2.39.18','1','0','DBA','DBA','2021-05-24 10:56:21','2021-05-24 10:56:21');
insert  into `t_db_backup_config`(`id`,`server_id`,`db_id`,`db_type`,`db_tag`,`expire`,`bk_base`,`script_path`,`script_file`,`bk_cmd`,`run_time`,`comments`,`backup_databases`,`api_server`,`status`,`task_status`,`creator`,`updater`,`create_date`,`last_update_date`) values (68,'148','173','2','mssql_172_26_29_88_1433',3,'D:\\DB_BAK','D:\\dba\\script','mssql_backup.py','sqlcmd','0 1 * * *','商管-合约系统-mssql测试库备份','DWConfiguration,DWDiagnostics,DWQueue,HopsonBPM,HopsonBPMV2,HopsonCostTest,HopsonCostV4,HopsonCostV3','10.2.39.18','1','0','DBA','DBA','2021-05-24 10:56:21','2021-05-24 10:56:21');
insert  into `t_db_backup_config`(`id`,`server_id`,`db_id`,`db_type`,`db_tag`,`expire`,`bk_base`,`script_path`,`script_file`,`bk_cmd`,`run_time`,`comments`,`backup_databases`,`api_server`,`status`,`task_status`,`creator`,`updater`,`create_date`,`last_update_date`) values (71,'17','181','0','mysql_39_107_138_179',7,'/home/hopson/apps/usr/webserver/dba/db_backup/mysqldump_sugar','/home/hopson/apps/usr/webserver/dba/script','mysql_backup.py','/usr/local/mysql5.6.44/bin/mysqldump','30 1 * * *','合生通mysql生产环境-[biz]-[sugar]-[内网]备份','','124.127.103.190:21080','1','0','DBA','DBA','2021-05-24 10:56:21','2021-05-24 10:56:21');
insert  into `t_db_backup_config`(`id`,`server_id`,`db_id`,`db_type`,`db_tag`,`expire`,`bk_base`,`script_path`,`script_file`,`bk_cmd`,`run_time`,`comments`,`backup_databases`,`api_server`,`status`,`task_status`,`creator`,`updater`,`create_date`,`last_update_date`) values (72,'15','1','0','mysql_10_2_39_165_3306',7,'/home/hopson/apps/usr/webserver/dba/db_backup/mysqldump_bigdata_dev','/home/hopson/apps/usr/webserver/dba/script','mysql_backup.py','/usr/local/mysql5.6/bin/mysqldump','0 5 * * *','合生通大数据mysql库[dev]备份','/home/hopson/apps/usr/webserver/dba/python3.6.0','10.2.39.18','','1','DBA','DBA','2021-05-24 15:03:09','2021-05-24 15:03:09');

/*Table structure for table `t_db_backup_detail` */

CREATE TABLE `t_db_backup_detail` (
  `id` int(11) NOT NULL AUTO_INCREMENT,
  `db_tag` varchar(100) NOT NULL DEFAULT '',
  `db_name` varchar(100) NOT NULL DEFAULT '',
  `file_name` varchar(200) NOT NULL DEFAULT '',
  `bk_path` varchar(200) NOT NULL DEFAULT '',
  `db_size` varchar(50) NOT NULL DEFAULT '',
  `start_time` datetime NOT NULL COMMENT '开始时间',
  `end_time` datetime NOT NULL COMMENT '结束时间',
  `elapsed_t_backup` varchar(100) NOT NULL DEFAULT '',
  `elapsed_gzip` varchar(1000) NOT NULL DEFAULT '',
  `status` varchar(1) NOT NULL DEFAULT '',
  `error` varchar(2000) NOT NULL DEFAULT '',
  `creator` varchar(10) NOT NULL DEFAULT '',
  `updater` varchar(10) NOT NULL DEFAULT '',
  `create_date` datetime NOT NULL COMMENT '创建时间',
  `last_update_date` datetime NOT NULL COMMENT '修改时间',
  PRIMARY KEY (`id`)
) ENGINE=InnoDB DEFAULT CHARSET=utf8mb4;

/*Data for the table `t_db_backup_detail` */

/*Table structure for table `t_db_backup_total` */

CREATE TABLE `t_db_backup_total` (
  `id` int(11) NOT NULL AUTO_INCREMENT,
  `db_type` varchar(1) NOT NULL DEFAULT '',
  `db_tag` varchar(100) NOT NULL DEFAULT '',
  `bk_base` varchar(20) NOT NULL DEFAULT '',
  `total_size` varchar(50) NOT NULL DEFAULT '',
  `start_time` datetime NOT NULL COMMENT '开始时间',
  `end_time` datetime NOT NULL COMMENT '结束时间',
  `elapsed_t_backup` varchar(100) NOT NULL DEFAULT '',
  `elapsed_gzip` varchar(1000) NOT NULL DEFAULT '',
  `creator` varchar(10) NOT NULL DEFAULT '',
  `updater` varchar(10) NOT NULL DEFAULT '',
  `create_date` datetime NOT NULL COMMENT '创建时间',
  `last_update_date` datetime NOT NULL COMMENT '修改时间',
  PRIMARY KEY (`id`)
) ENGINE=InnoDB DEFAULT CHARSET=utf8mb4;

/*Data for the table `t_db_backup_total` */

/*Table structure for table `t_db_source` */

CREATE TABLE `t_db_source` (
  `id` int(11) NOT NULL AUTO_INCREMENT,
  `ip` varchar(100) NOT NULL DEFAULT '' COMMENT '数据库IP',
  `port` varchar(10) NOT NULL DEFAULT '' COMMENT '数据库端口',
  `service` varchar(50) NOT NULL DEFAULT '' COMMENT '数据库名称',
  `status` varchar(50) NOT NULL DEFAULT '' COMMENT '数据源状态',
  `user` varchar(20) NOT NULL DEFAULT '' COMMENT '用户名',
  `password` varchar(100) NOT NULL DEFAULT '' COMMENT '密码',
  `db_type` varchar(1) NOT NULL DEFAULT '' COMMENT '数据库类型',
  `db_desc` varchar(50) NOT NULL DEFAULT '' COMMENT '数据源描述',
  `db_env` varchar(1) NOT NULL DEFAULT '' COMMENT '数据库环境',
  `inst_type` varchar(10) NOT NULL DEFAULT '' COMMENT '实例类型',
  `proxy_status` varchar(1) NOT NULL DEFAULT '' COMMENT '代理状态',
  `proxy_server` varchar(50) NOT NULL DEFAULT '' COMMENT '代理服务接口',
  `market_id` varchar(50) NOT NULL DEFAULT '' COMMENT '项目编码',
  `creator` varchar(10) NOT NULL DEFAULT '' COMMENT '主键',
  `updater` varchar(10) NOT NULL DEFAULT '' COMMENT '主键',
  `create_date` datetime NOT NULL COMMENT '创建时间',
  `last_update_date` datetime NOT NULL COMMENT '修改时间',
  PRIMARY KEY (`id`)
) ENGINE=InnoDB AUTO_INCREMENT=181 DEFAULT CHARSET=utf8mb4;

/*Data for the table `t_db_source` */

insert  into `t_db_source`(`id`,`ip`,`port`,`service`,`status`,`user`,`password`,`db_type`,`db_desc`,`db_env`,`inst_type`,`proxy_status`,`proxy_server`,`market_id`,`creator`,`updater`,`create_date`,`last_update_date`) values (1,'10.2.39.40','3306','','1','puppet','7D86F7A83E38AD4DFB15C0AFEFF7D310','0','合生通mysql开发环境-[主库]','3','1','0','','000','DBA','DBA','2019-10-22 00:00:00','2020-05-06 00:00:00');
insert  into `t_db_source`(`id`,`ip`,`port`,`service`,`status`,`user`,`password`,`db_type`,`db_desc`,`db_env`,`inst_type`,`proxy_status`,`proxy_server`,`market_id`,`creator`,`updater`,`create_date`,`last_update_date`) values (2,'10.2.39.80','3306','','1','puppet','7D86F7A83E38AD4DFB15C0AFEFF7D310','0','合生通mysql测试环境-[主库]','2','1','0','','000','DBA','DBA','2019-10-23 00:00:00','2020-05-06 00:00:00');
insert  into `t_db_source`(`id`,`ip`,`port`,`service`,`status`,`user`,`password`,`db_type`,`db_desc`,`db_env`,`inst_type`,`proxy_status`,`proxy_server`,`market_id`,`creator`,`updater`,`create_date`,`last_update_date`) values (3,'10.2.39.41','27016','','1','','','6','合生通mongodb开发环境[kaifa-2]','3','1','0','','000','DBA','DBA','2019-10-24 00:00:00','2020-05-08 00:00:00');
insert  into `t_db_source`(`id`,`ip`,`port`,`service`,`status`,`user`,`password`,`db_type`,`db_desc`,`db_env`,`inst_type`,`proxy_status`,`proxy_server`,`market_id`,`creator`,`updater`,`create_date`,`last_update_date`) values (4,'10.2.39.71','27016','','1','','','6','合生通mongodb测试环境[test-2]','2','1','0','','000','DBA','DBA','2019-10-24 00:00:00','2020-05-08 00:00:00');
insert  into `t_db_source`(`id`,`ip`,`port`,`service`,`status`,`user`,`password`,`db_type`,`db_desc`,`db_env`,`inst_type`,`proxy_status`,`proxy_server`,`market_id`,`creator`,`updater`,`create_date`,`last_update_date`) values (5,'10.2.39.40','7000','','1','','','5','合生通redis开发环境[kaifa-1]','3','1','0','','000','DBA','DBA','2019-10-26 00:00:00','2020-05-08 00:00:00');
insert  into `t_db_source`(`id`,`ip`,`port`,`service`,`status`,`user`,`password`,`db_type`,`db_desc`,`db_env`,`inst_type`,`proxy_status`,`proxy_server`,`market_id`,`creator`,`updater`,`create_date`,`last_update_date`) values (6,'10.2.39.70','6379','','1','','','5','合生通redis测试环境[test-1]','2','1','0','','000','DBA','DBA','2019-10-26 00:00:00','2020-05-08 00:00:00');
insert  into `t_db_source`(`id`,`ip`,`port`,`service`,`status`,`user`,`password`,`db_type`,`db_desc`,`db_env`,`inst_type`,`proxy_status`,`proxy_server`,`market_id`,`creator`,`updater`,`create_date`,`last_update_date`) values (7,'10.2.39.41','9200','','1','','','4','合生通elasticsearch开发环境[kaifa-2]','3','1','0','','000','DBA','DBA','2019-10-26 00:00:00','2020-05-08 00:00:00');
insert  into `t_db_source`(`id`,`ip`,`port`,`service`,`status`,`user`,`password`,`db_type`,`db_desc`,`db_env`,`inst_type`,`proxy_status`,`proxy_server`,`market_id`,`creator`,`updater`,`create_date`,`last_update_date`) values (8,'10.2.39.71','9200','','1','','','4','合生通elasticsearch测试环境[test-2]','2','1','0','','000','DBA','DBA','2019-10-26 00:00:00','2020-05-08 00:00:00');
insert  into `t_db_source`(`id`,`ip`,`port`,`service`,`status`,`user`,`password`,`db_type`,`db_desc`,`db_env`,`inst_type`,`proxy_status`,`proxy_server`,`market_id`,`creator`,`updater`,`create_date`,`last_update_date`) values (9,'rm-2zer0v9g25bgu4rx4.mysql.rds.aliyuncs.com','3306','','1','puppet','7D86F7A83E38AD4DFB15C0AFEFF7D310','0','合生通mysql生产环境[bi]','1','2','0','','000','DBA','DBA','2019-10-29 00:00:00','2019-11-03 00:00:00');
insert  into `t_db_source`(`id`,`ip`,`port`,`service`,`status`,`user`,`password`,`db_type`,`db_desc`,`db_env`,`inst_type`,`proxy_status`,`proxy_server`,`market_id`,`creator`,`updater`,`create_date`,`last_update_date`) values (10,'rr-2zekl959654j1k49r.mysql.rds.aliyuncs.com','3306','','1','apptong','C421557C5CC568DA201FE8666F61A1349CC55001CED6A8D98B8917C810C93CE1BE0DCD7D47B179FCCD1C2975470A361B','0','合生通mysql生产环境[biz]-[backup]','1','2','0','','000','DBA','DBA','2019-10-29 00:00:00','2020-12-26 00:00:00');
insert  into `t_db_source`(`id`,`ip`,`port`,`service`,`status`,`user`,`password`,`db_type`,`db_desc`,`db_env`,`inst_type`,`proxy_status`,`proxy_server`,`market_id`,`creator`,`updater`,`create_date`,`last_update_date`) values (11,'172.17.194.53','3306','','1','puppet','7D86F7A83E38AD4DFB15C0AFEFF7D310','0','合生通MySQL预生产环境[pre]','4','1','0','','000','DBA','DBA','2019-10-29 00:00:00','2019-11-03 00:00:00');
insert  into `t_db_source`(`id`,`ip`,`port`,`service`,`status`,`user`,`password`,`db_type`,`db_desc`,`db_env`,`inst_type`,`proxy_status`,`proxy_server`,`market_id`,`creator`,`updater`,`create_date`,`last_update_date`) values (12,'172.17.194.50','3306','','1','puppet','7D86F7A83E38AD4DFB15C0AFEFF7D310','0','合生通mysql生产环境[viki]','1','1','0','','000','DBA','DBA','2019-10-29 00:00:00','2019-11-03 00:00:00');
insert  into `t_db_source`(`id`,`ip`,`port`,`service`,`status`,`user`,`password`,`db_type`,`db_desc`,`db_env`,`inst_type`,`proxy_status`,`proxy_server`,`market_id`,`creator`,`updater`,`create_date`,`last_update_date`) values (13,'192.168.100.93','3306','','1','puppet','7D86F7A83E38AD4DFB15C0AFEFF7D310','0','合生通mysql生产环境[h3bpm]','1','1','0','','000','DBA','DBA','2019-10-29 00:00:00','2020-04-18 00:00:00');
insert  into `t_db_source`(`id`,`ip`,`port`,`service`,`status`,`user`,`password`,`db_type`,`db_desc`,`db_env`,`inst_type`,`proxy_status`,`proxy_server`,`market_id`,`creator`,`updater`,`create_date`,`last_update_date`) values (14,'10.16.34.3','1433','ipva_s0400_b1','1','bi','4AF35F64DBDA0A1296AFDD53261E69F5','2','北京朝阳合生汇mssql客流库','1','1','1','10.16.34.14:8888','218','DBA','DBA','2019-10-31 00:00:00','2020-11-09 00:00:00');
insert  into `t_db_source`(`id`,`ip`,`port`,`service`,`status`,`user`,`password`,`db_type`,`db_desc`,`db_env`,`inst_type`,`proxy_status`,`proxy_server`,`market_id`,`creator`,`updater`,`create_date`,`last_update_date`) values (16,'rm-2ze9y75wip0929gy86o.mysql.rds.aliyuncs.com','3306','','1','apptong','C421557C5CC568DA201FE8666F61A1349CC55001CED6A8D98B8917C810C93CE1BE0DCD7D47B179FCCD1C2975470A361B','0','合生通mysql生产环境-[biz]','1','2','0','','000','DBA','DBA','2019-11-02 00:00:00','2019-11-03 00:00:00');
insert  into `t_db_source`(`id`,`ip`,`port`,`service`,`status`,`user`,`password`,`db_type`,`db_desc`,`db_env`,`inst_type`,`proxy_status`,`proxy_server`,`market_id`,`creator`,`updater`,`create_date`,`last_update_date`) values (18,'192.168.10.200','1433','tingcheeasydb','1','sa','FB7FEBC38982266A4FB75B3E5352B91D','2','北京朝阳合生汇mssql车流库','1','1','1','10.16.34.14:8888','218','DBA','DBA','2019-11-02 00:00:00','2020-11-10 00:00:00');
insert  into `t_db_source`(`id`,`ip`,`port`,`service`,`status`,`user`,`password`,`db_type`,`db_desc`,`db_env`,`inst_type`,`proxy_status`,`proxy_server`,`market_id`,`creator`,`updater`,`create_date`,`last_update_date`) values (19,'rm-2zer0v9g25bgu4rx43o.mysql.rds.aliyuncs.com','3306','','1','hopsononebi_2019','11915F1409E783704226E558C415DCE420061FEDCA75DAA283608D8491B636EF','0','合生通mysql生产环境-[bi]','1','2','0','','000','DBA','DBA','2019-11-02 00:00:00','2020-02-06 00:00:00');
insert  into `t_db_source`(`id`,`ip`,`port`,`service`,`status`,`user`,`password`,`db_type`,`db_desc`,`db_env`,`inst_type`,`proxy_status`,`proxy_server`,`market_id`,`creator`,`updater`,`create_date`,`last_update_date`) values (20,'10.16.34.14','3306','','1','sync','26F21C959E9BAEBA94A9CAA92999953D','0','北京朝阳合生汇mysql项目库','1','1','1','10.16.34.14:8888','218','DBA','DBA','2019-11-03 00:00:00','2020-11-04 00:00:00');
insert  into `t_db_source`(`id`,`ip`,`port`,`service`,`status`,`user`,`password`,`db_type`,`db_desc`,`db_env`,`inst_type`,`proxy_status`,`proxy_server`,`market_id`,`creator`,`updater`,`create_date`,`last_update_date`) values (21,'10.16.34.202\\jsst','50586','ParkingGuid','1','bi','4AF35F64DBDA0A1296AFDD53261E69F5','2','北京朝阳合生汇mssql反向寻车库','1','1','0','','218','DBA','DBA','2019-11-03 00:00:00','2020-08-13 00:00:00');
insert  into `t_db_source`(`id`,`ip`,`port`,`service`,`status`,`user`,`password`,`db_type`,`db_desc`,`db_env`,`inst_type`,`proxy_status`,`proxy_server`,`market_id`,`creator`,`updater`,`create_date`,`last_update_date`) values (22,'10.61.101.245','1433','IPVA_S0400_B1','1','bi','4AF35F64DBDA0A1296AFDD53261E69F5','2','上海五角场mssql客流库','1','1','1','10.61.101.241:8888','110','DBA','DBA','2019-11-04 00:00:00','2021-05-21 11:14:50');
insert  into `t_db_source`(`id`,`ip`,`port`,`service`,`status`,`user`,`password`,`db_type`,`db_desc`,`db_env`,`inst_type`,`proxy_status`,`proxy_server`,`market_id`,`creator`,`updater`,`create_date`,`last_update_date`) values (23,'10.61.101.251','3306','','0','sync','26F21C959E9BAEBA94A9CAA92999953D','0','上海五角场mysql项目库','1','1','0','','110','DBA','DBA','2019-11-04 00:00:00','2020-11-05 00:00:00');
insert  into `t_db_source`(`id`,`ip`,`port`,`service`,`status`,`user`,`password`,`db_type`,`db_desc`,`db_env`,`inst_type`,`proxy_status`,`proxy_server`,`market_id`,`creator`,`updater`,`create_date`,`last_update_date`) values (24,'192.168.0.199','1433','JSCESHI','0','hst','B9B177F5BB6F072574DA63681AECB684','2','上海五角场mssql车流库','1','1','0','','110','DBA','DBA','2019-11-04 00:00:00','2020-11-05 00:00:00');
insert  into `t_db_source`(`id`,`ip`,`port`,`service`,`status`,`user`,`password`,`db_type`,`db_desc`,`db_env`,`inst_type`,`proxy_status`,`proxy_server`,`market_id`,`creator`,`updater`,`create_date`,`last_update_date`) values (25,'10.2.39.58','3306','','1','puppet','7D86F7A83E38AD4DFB15C0AFEFF7D310','0','合生通&好房h3bpm测试环境','2','1','0','','000','DBA','DBA','2019-11-05 00:00:00','2019-11-05 00:00:00');
insert  into `t_db_source`(`id`,`ip`,`port`,`service`,`status`,`user`,`password`,`db_type`,`db_desc`,`db_env`,`inst_type`,`proxy_status`,`proxy_server`,`market_id`,`creator`,`updater`,`create_date`,`last_update_date`) values (26,'172.17.194.51','27016','','1','','','6','合生通mongodb预生产环境[pred-1]','4','1','0','','000','DBA','DBA','2019-11-06 00:00:00','2020-05-09 00:00:00');
insert  into `t_db_source`(`id`,`ip`,`port`,`service`,`status`,`user`,`password`,`db_type`,`db_desc`,`db_env`,`inst_type`,`proxy_status`,`proxy_server`,`market_id`,`creator`,`updater`,`create_date`,`last_update_date`) values (27,'172.17.194.53','9200','','1','','','4','合生通elasticsearch预生产环境[pred-5]','4','1','0','','000','DBA','DBA','2019-11-06 00:00:00','2020-04-28 00:00:00');
insert  into `t_db_source`(`id`,`ip`,`port`,`service`,`status`,`user`,`password`,`db_type`,`db_desc`,`db_env`,`inst_type`,`proxy_status`,`proxy_server`,`market_id`,`creator`,`updater`,`create_date`,`last_update_date`) values (28,'172.17.194.51','6379','','1','','','5','合生通redis预生产one环境[pred-1]','4','1','0','','000','DBA','DBA','2019-11-06 00:00:00','2020-05-06 00:00:00');
insert  into `t_db_source`(`id`,`ip`,`port`,`service`,`status`,`user`,`password`,`db_type`,`db_desc`,`db_env`,`inst_type`,`proxy_status`,`proxy_server`,`market_id`,`creator`,`updater`,`create_date`,`last_update_date`) values (29,'172.17.194.51','6380','','1','','','5','合生通redis预生产mall环境[pred-1]','4','1','0','','000','DBA','DBA','2019-11-06 00:00:00','2020-05-06 00:00:00');
insert  into `t_db_source`(`id`,`ip`,`port`,`service`,`status`,`user`,`password`,`db_type`,`db_desc`,`db_env`,`inst_type`,`proxy_status`,`proxy_server`,`market_id`,`creator`,`updater`,`create_date`,`last_update_date`) values (30,'172.17.194.36','9200','','1','','0143DB63EE66B0CDFF9F69917680151E','4','合生通elasticsearch生产环境','1','1','0','','000','DBA','DBA','2019-11-06 00:00:00','2019-11-18 00:00:00');
insert  into `t_db_source`(`id`,`ip`,`port`,`service`,`status`,`user`,`password`,`db_type`,`db_desc`,`db_env`,`inst_type`,`proxy_status`,`proxy_server`,`market_id`,`creator`,`updater`,`create_date`,`last_update_date`) values (31,'r-2ze9f53dad8419b4.redis.rds.aliyuncs.com','6379','','1','','F1DA6C2B25549ADFC77C2D77534C6EFE','5','合生通redis生产环境-one','1','2','0','','000','DBA','DBA','2019-11-06 00:00:00','2019-11-06 00:00:00');
insert  into `t_db_source`(`id`,`ip`,`port`,`service`,`status`,`user`,`password`,`db_type`,`db_desc`,`db_env`,`inst_type`,`proxy_status`,`proxy_server`,`market_id`,`creator`,`updater`,`create_date`,`last_update_date`) values (32,'r-2zef0777e2fac884.redis.rds.aliyuncs.com','6379','','1','','F1DA6C2B25549ADFC77C2D77534C6EFE','5','合生通redis生产环境-mall','1','2','0','','000','DBA','DBA','2019-11-06 00:00:00','2019-11-06 00:00:00');
insert  into `t_db_source`(`id`,`ip`,`port`,`service`,`status`,`user`,`password`,`db_type`,`db_desc`,`db_env`,`inst_type`,`proxy_status`,`proxy_server`,`market_id`,`creator`,`updater`,`create_date`,`last_update_date`) values (33,'10.28.10.36','1433','js168','1','sa','41F082A16773311D4FC4BD3AF9735000','2','成都珠江广场mssql车流库','1','1','1','10.28.8.233:8888','108','DBA','DBA','2019-11-07 00:00:00','2020-11-12 00:00:00');
insert  into `t_db_source`(`id`,`ip`,`port`,`service`,`status`,`user`,`password`,`db_type`,`db_desc`,`db_env`,`inst_type`,`proxy_status`,`proxy_server`,`market_id`,`creator`,`updater`,`create_date`,`last_update_date`) values (34,'10.28.8.233','3306','','1','sync','26F21C959E9BAEBA94A9CAA92999953D','0','成都珠江广场mysql项目库','1','1','1','10.28.8.233:8888','108','DBA','DBA','2019-11-07 00:00:00','2020-11-12 00:00:00');
insert  into `t_db_source`(`id`,`ip`,`port`,`service`,`status`,`user`,`password`,`db_type`,`db_desc`,`db_env`,`inst_type`,`proxy_status`,`proxy_server`,`market_id`,`creator`,`updater`,`create_date`,`last_update_date`) values (35,'10.28.8.227\\KELIU','1433','IPVA_S0400_B1','1','bi','4AF35F64DBDA0A1296AFDD53261E69F5','2','成都珠江广场mssql客流库','1','1','1','10.28.8.233:8888','108','DBA','DBA','2019-11-07 00:00:00','2021-01-18 00:00:00');
insert  into `t_db_source`(`id`,`ip`,`port`,`service`,`status`,`user`,`password`,`db_type`,`db_desc`,`db_env`,`inst_type`,`proxy_status`,`proxy_server`,`market_id`,`creator`,`updater`,`create_date`,`last_update_date`) values (36,'10.2.39.18','3306','','1','puppet','7D86F7A83E38AD4DFB15C0AFEFF7D310','0','合生通mysql数据库运维平台','1','1','0','','000','DBA','DBA','2019-11-07 00:00:00','2020-11-24 00:00:00');
insert  into `t_db_source`(`id`,`ip`,`port`,`service`,`status`,`user`,`password`,`db_type`,`db_desc`,`db_env`,`inst_type`,`proxy_status`,`proxy_server`,`market_id`,`creator`,`updater`,`create_date`,`last_update_date`) values (37,'10.25.128.30\\IPVA','1433','IPVA_S0400_B1','1','sa','1AA0E7325A8A38F73314ADAF7E903116','2','广州嘉和南mssql客流库','1','1','1','10.25.128.84:8888','132','DBA','DBA','2019-11-16 00:00:00','2020-11-09 00:00:00');
insert  into `t_db_source`(`id`,`ip`,`port`,`service`,`status`,`user`,`password`,`db_type`,`db_desc`,`db_env`,`inst_type`,`proxy_status`,`proxy_server`,`market_id`,`creator`,`updater`,`create_date`,`last_update_date`) values (38,'10.25.129.82','1433','tingcheeasydb','1','sa','FB7FEBC38982266A4FB75B3E5352B91D','2','广州嘉和南mssql车流库','1','1','1','10.25.128.84:8888','132','DBA','DBA','2019-11-16 00:00:00','2020-11-09 00:00:00');
insert  into `t_db_source`(`id`,`ip`,`port`,`service`,`status`,`user`,`password`,`db_type`,`db_desc`,`db_env`,`inst_type`,`proxy_status`,`proxy_server`,`market_id`,`creator`,`updater`,`create_date`,`last_update_date`) values (39,'10.25.128.84','3306','','1','sync','26F21C959E9BAEBA94A9CAA92999953D','0','广州嘉和南mysql项目库','1','1','1','10.25.128.84:8888','132','DBA','DBA','2019-11-16 00:00:00','2020-11-09 00:00:00');
insert  into `t_db_source`(`id`,`ip`,`port`,`service`,`status`,`user`,`password`,`db_type`,`db_desc`,`db_env`,`inst_type`,`proxy_status`,`proxy_server`,`market_id`,`creator`,`updater`,`create_date`,`last_update_date`) values (40,'10.25.129.59','1433','tingcheeasydb','1','sa','FB7FEBC38982266A4FB75B3E5352B91D','2','广州嘉和北mssql车流库','1','1','1','10.25.128.84:8888','170','DBA','DBA','2019-11-16 00:00:00','2020-11-09 00:00:00');
insert  into `t_db_source`(`id`,`ip`,`port`,`service`,`status`,`user`,`password`,`db_type`,`db_desc`,`db_env`,`inst_type`,`proxy_status`,`proxy_server`,`market_id`,`creator`,`updater`,`create_date`,`last_update_date`) values (41,'10.25.128.84','3306','','1','sync','26F21C959E9BAEBA94A9CAA92999953D','0','广州嘉和北mysql项目库','1','1','1','10.25.128.84:8888','170','DBA','DBA','2019-11-16 00:00:00','2020-11-09 00:00:00');
insert  into `t_db_source`(`id`,`ip`,`port`,`service`,`status`,`user`,`password`,`db_type`,`db_desc`,`db_env`,`inst_type`,`proxy_status`,`proxy_server`,`market_id`,`creator`,`updater`,`create_date`,`last_update_date`) values (42,'10.5.3.147','1433','tingcheeasydb','1','sa','FB7FEBC38982266A4FB75B3E5352B91D','2','上海青浦米格mssql车流库','1','1','1','10.5.3.26:8888','234','DBA','DBA','2019-11-16 00:00:00','2021-02-27 00:00:00');
insert  into `t_db_source`(`id`,`ip`,`port`,`service`,`status`,`user`,`password`,`db_type`,`db_desc`,`db_env`,`inst_type`,`proxy_status`,`proxy_server`,`market_id`,`creator`,`updater`,`create_date`,`last_update_date`) values (43,'10.5.3.132','1433','IPVA_S0400_B1','1','sa','1AA0E7325A8A38F73314ADAF7E903116','2','上海青浦米格mssql客流库','1','1','1','10.5.3.26:8888','234','DBA','DBA','2019-11-16 00:00:00','2020-11-12 00:00:00');
insert  into `t_db_source`(`id`,`ip`,`port`,`service`,`status`,`user`,`password`,`db_type`,`db_desc`,`db_env`,`inst_type`,`proxy_status`,`proxy_server`,`market_id`,`creator`,`updater`,`create_date`,`last_update_date`) values (44,'192.168.10.234','3306','','1','sync','26F21C959E9BAEBA94A9CAA92999953D','0','合生新天地mysql项目库','1','1','1','bjwjqlspark.hopsontong.com:60039','213','DBA','DBA','2019-11-16 00:00:00','2020-11-21 00:00:00');
insert  into `t_db_source`(`id`,`ip`,`port`,`service`,`status`,`user`,`password`,`db_type`,`db_desc`,`db_env`,`inst_type`,`proxy_status`,`proxy_server`,`market_id`,`creator`,`updater`,`create_date`,`last_update_date`) values (45,'192.168.253.5','1433','tingcheeasydb','1','sa','FB7FEBC38982266A4FB75B3E5352B91D','2','合生新天地mssql车流库','1','1','1','bjwjqlspark.hopsontong.com:60039','213','DBA','DBA','2019-11-16 00:00:00','2020-11-21 00:00:00');
insert  into `t_db_source`(`id`,`ip`,`port`,`service`,`status`,`user`,`password`,`db_type`,`db_desc`,`db_env`,`inst_type`,`proxy_status`,`proxy_server`,`market_id`,`creator`,`updater`,`create_date`,`last_update_date`) values (46,'192.168.10.250','1433','IPVA_S0400_B1','1','sa','1AA0E7325A8A38F73314ADAF7E903116','2','合生新天地mssql客流库','1','1','1','bjwjqlspark.hopsontong.com:60039','213','DBA','DBA','2019-11-16 00:00:00','2021-03-22 00:00:00');
insert  into `t_db_source`(`id`,`ip`,`port`,`service`,`status`,`user`,`password`,`db_type`,`db_desc`,`db_env`,`inst_type`,`proxy_status`,`proxy_server`,`market_id`,`creator`,`updater`,`create_date`,`last_update_date`) values (47,'172.17.194.37','27016','','1','','0143DB63EE66B0CDFF9F69917680151E','6','合生通mongodb生产环境[prod]','1','1','0','','000','DBA','DBA','2019-11-18 00:00:00','2019-11-18 00:00:00');
insert  into `t_db_source`(`id`,`ip`,`port`,`service`,`status`,`user`,`password`,`db_type`,`db_desc`,`db_env`,`inst_type`,`proxy_status`,`proxy_server`,`market_id`,`creator`,`updater`,`create_date`,`last_update_date`) values (49,'47.94.197.105','3306','','1','sync','26F21C959E9BAEBA94A9CAA92999953D','0','合生通阿里云mysql中转库-外网','1','1','0','','000','DBA','DBA','2019-11-18 00:00:00','2019-11-18 00:00:00');
insert  into `t_db_source`(`id`,`ip`,`port`,`service`,`status`,`user`,`password`,`db_type`,`db_desc`,`db_env`,`inst_type`,`proxy_status`,`proxy_server`,`market_id`,`creator`,`updater`,`create_date`,`last_update_date`) values (50,'192.168.253.5','1433','tingcheeasydb','1','sa','FB7FEBC38982266A4FB75B3E5352B91D','2','北京合生财富广场mssql车流库','1','1','1','bjcfpark.hopsontong.com:60138','141','DBA','DBA','2019-11-18 00:00:00','2020-11-21 00:00:00');
insert  into `t_db_source`(`id`,`ip`,`port`,`service`,`status`,`user`,`password`,`db_type`,`db_desc`,`db_env`,`inst_type`,`proxy_status`,`proxy_server`,`market_id`,`creator`,`updater`,`create_date`,`last_update_date`) values (52,'192.168.253.244','3306','','1','sync','26F21C959E9BAEBA94A9CAA92999953D','0','北京合生财富广场mysql项目库','1','1','1','bjcfpark.hopsontong.com:60138','141','DBA','DBA','2019-11-18 00:00:00','2020-11-21 00:00:00');
insert  into `t_db_source`(`id`,`ip`,`port`,`service`,`status`,`user`,`password`,`db_type`,`db_desc`,`db_env`,`inst_type`,`proxy_status`,`proxy_server`,`market_id`,`creator`,`updater`,`create_date`,`last_update_date`) values (53,'172.17.41.175','3306','','1','sync','26F21C959E9BAEBA94A9CAA92999953D','0','合生通阿里云mysql中转库-内网','1','1','1','47.94.197.105:8888','999','DBA','DBA','2019-11-18 00:00:00','2020-11-12 00:00:00');
insert  into `t_db_source`(`id`,`ip`,`port`,`service`,`status`,`user`,`password`,`db_type`,`db_desc`,`db_env`,`inst_type`,`proxy_status`,`proxy_server`,`market_id`,`creator`,`updater`,`create_date`,`last_update_date`) values (54,'rm-2zer0v9g25bgu4rx4.mysql.rds.aliyuncs.com','3306','','1','hopsononebi_2019','11915F1409E783704226E558C415DCE420061FEDCA75DAA283608D8491B636EF','0','合生通mysql生产环境-[bi]-[内网]','1','2','0','','000','DBA','DBA','2019-11-18 00:00:00','2019-11-18 00:00:00');
insert  into `t_db_source`(`id`,`ip`,`port`,`service`,`status`,`user`,`password`,`db_type`,`db_desc`,`db_env`,`inst_type`,`proxy_status`,`proxy_server`,`market_id`,`creator`,`updater`,`create_date`,`last_update_date`) values (55,'rm-2ze9y75wip0929gy8.mysql.rds.aliyuncs.com','3306','','1','apptong','C421557C5CC568DA201FE8666F61A1349CC55001CED6A8D98B8917C810C93CE1BE0DCD7D47B179FCCD1C2975470A361B','0','合生通mysql生产环境-[biz]-[内网]','1','2','0','','000','DBA','DBA','2019-11-18 00:00:00','2019-11-18 00:00:00');
insert  into `t_db_source`(`id`,`ip`,`port`,`service`,`status`,`user`,`password`,`db_type`,`db_desc`,`db_env`,`inst_type`,`proxy_status`,`proxy_server`,`market_id`,`creator`,`updater`,`create_date`,`last_update_date`) values (56,'10.19.42.205','3306','','1','sync','26F21C959E9BAEBA94A9CAA92999953D','0','广州珠江投资大厦mysql项目库','1','1','0','','145','DBA','DBA','2019-11-18 00:00:00','2019-11-18 00:00:00');
insert  into `t_db_source`(`id`,`ip`,`port`,`service`,`status`,`user`,`password`,`db_type`,`db_desc`,`db_env`,`inst_type`,`proxy_status`,`proxy_server`,`market_id`,`creator`,`updater`,`create_date`,`last_update_date`) values (57,'10.19.42.181','1433','js','1','bi','DFD0C12233B8930413BE46F00F20B807','2','广州珠江投资大厦mssql车流库','1','1','0','','145','DBA','DBA','2019-11-18 00:00:00','2020-08-31 00:00:00');
insert  into `t_db_source`(`id`,`ip`,`port`,`service`,`status`,`user`,`password`,`db_type`,`db_desc`,`db_env`,`inst_type`,`proxy_status`,`proxy_server`,`market_id`,`creator`,`updater`,`create_date`,`last_update_date`) values (58,'10.19.72.205','3306','','1','sync','26F21C959E9BAEBA94A9CAA92999953D','0','广州合生骏景广场mysql项目库','1','1','1','10.19.72.205:8888','150','DBA','DBA','2019-11-18 00:00:00','2020-11-12 00:00:00');
insert  into `t_db_source`(`id`,`ip`,`port`,`service`,`status`,`user`,`password`,`db_type`,`db_desc`,`db_env`,`inst_type`,`proxy_status`,`proxy_server`,`market_id`,`creator`,`updater`,`create_date`,`last_update_date`) values (59,'10.19.72.205','1433','tingcheeasydb','1','sa','FB7FEBC38982266A4FB75B3E5352B91D','2','广州合生骏景广场mssql车流库','1','1','1','10.19.72.205:8888','150','DBA','DBA','2019-11-18 00:00:00','2020-11-12 00:00:00');
insert  into `t_db_source`(`id`,`ip`,`port`,`service`,`status`,`user`,`password`,`db_type`,`db_desc`,`db_env`,`inst_type`,`proxy_status`,`proxy_server`,`market_id`,`creator`,`updater`,`create_date`,`last_update_date`) values (60,'192.168.253.205','3306','','1','sync','26F21C959E9BAEBA94A9CAA92999953D','0','广州越华珠江广场mysql项目库','1','1','1','gzyhpark.hopsontong.com:60088','188','DBA','DBA','2019-11-18 00:00:00','2020-11-21 00:00:00');
insert  into `t_db_source`(`id`,`ip`,`port`,`service`,`status`,`user`,`password`,`db_type`,`db_desc`,`db_env`,`inst_type`,`proxy_status`,`proxy_server`,`market_id`,`creator`,`updater`,`create_date`,`last_update_date`) values (61,'192.168.253.5','1433','tingcheeasydb','1','sa','FB7FEBC38982266A4FB75B3E5352B91D','2','广州越华珠江广场mssql车流库','1','1','1','gzyhpark.hopsontong.com:60088','188','DBA','DBA','2019-11-18 00:00:00','2020-11-21 00:00:00');
insert  into `t_db_source`(`id`,`ip`,`port`,`service`,`status`,`user`,`password`,`db_type`,`db_desc`,`db_env`,`inst_type`,`proxy_status`,`proxy_server`,`market_id`,`creator`,`updater`,`create_date`,`last_update_date`) values (62,'10.19.53.205','3306','','1','sync','26F21C959E9BAEBA94A9CAA92999953D','0','广州南方花园mysql项目库','1','1','1','10.19.53.205:8888','194','DBA','DBA','2019-11-18 00:00:00','2020-11-12 00:00:00');
insert  into `t_db_source`(`id`,`ip`,`port`,`service`,`status`,`user`,`password`,`db_type`,`db_desc`,`db_env`,`inst_type`,`proxy_status`,`proxy_server`,`market_id`,`creator`,`updater`,`create_date`,`last_update_date`) values (63,'192.168.253.5','1433','tingcheeasydb','1','sa','FB7FEBC38982266A4FB75B3E5352B91D','2','广州南方花园mssql车流库','1','1','1','10.19.53.205:8888','194','DBA','DBA','2019-11-18 00:00:00','2020-11-12 00:00:00');
insert  into `t_db_source`(`id`,`ip`,`port`,`service`,`status`,`user`,`password`,`db_type`,`db_desc`,`db_env`,`inst_type`,`proxy_status`,`proxy_server`,`market_id`,`creator`,`updater`,`create_date`,`last_update_date`) values (64,'192.168.1.160\\jsst','2222','jsst','1','sa','D747680A102EF604E6C05539BD9192FE','2','广州珠江国际纺织城mssql车流库','1','1','0','','20229','DBA','DBA','2019-11-18 00:00:00','2019-11-18 00:00:00');
insert  into `t_db_source`(`id`,`ip`,`port`,`service`,`status`,`user`,`password`,`db_type`,`db_desc`,`db_env`,`inst_type`,`proxy_status`,`proxy_server`,`market_id`,`creator`,`updater`,`create_date`,`last_update_date`) values (65,'172.16.6.14','3306','','1','sync','26F21C959E9BAEBA94A9CAA92999953D','0','广州珠江国际纺织城mysql项目库','1','1','0','','20229','DBA','DBA','2019-11-18 00:00:00','2019-11-18 00:00:00');
insert  into `t_db_source`(`id`,`ip`,`port`,`service`,`status`,`user`,`password`,`db_type`,`db_desc`,`db_env`,`inst_type`,`proxy_status`,`proxy_server`,`market_id`,`creator`,`updater`,`create_date`,`last_update_date`) values (66,'rm-2zeg1o4b4n3k6x82x.mysql.rds.aliyuncs.com','3306','','1','puppet','7D86F7A83E38AD4DFB15C0AFEFF7D310','0','好房mysql生产环境-[biz]-[内网]','1','2','0','','001','DBA','DBA','2019-11-22 00:00:00','2020-12-26 00:00:00');
insert  into `t_db_source`(`id`,`ip`,`port`,`service`,`status`,`user`,`password`,`db_type`,`db_desc`,`db_env`,`inst_type`,`proxy_status`,`proxy_server`,`market_id`,`creator`,`updater`,`create_date`,`last_update_date`) values (67,'10.16.33.10','3306','','1','sync','26F21C959E9BAEBA94A9CAA92999953D','0','北京合生广场mysql项目库','1','1','1','10.16.33.10:8888','164','DBA','DBA','2019-11-22 00:00:00','2020-11-12 00:00:00');
insert  into `t_db_source`(`id`,`ip`,`port`,`service`,`status`,`user`,`password`,`db_type`,`db_desc`,`db_env`,`inst_type`,`proxy_status`,`proxy_server`,`market_id`,`creator`,`updater`,`create_date`,`last_update_date`) values (68,'10.16.33.5','1433','IPVA_S0400_B1','1','bi','4AF35F64DBDA0A1296AFDD53261E69F5','2','北京合生广场mssql客流库','1','1','1','10.16.33.10:8888','164','DBA','DBA','2019-11-22 00:00:00','2020-11-12 00:00:00');
insert  into `t_db_source`(`id`,`ip`,`port`,`service`,`status`,`user`,`password`,`db_type`,`db_desc`,`db_env`,`inst_type`,`proxy_status`,`proxy_server`,`market_id`,`creator`,`updater`,`create_date`,`last_update_date`) values (69,'rr-2zekl959654j1k49r6o.mysql.rds.aliyuncs.com','3306','','1','hopsononebi_ro','EA7909ED060FFA408CAE40F3C0F8E82CB5005337B2C6A3B61353A3EA27C904C8','0','合生通mysql生产环境-[biz]-[slave]','1','2','0','','000','DBA','DBA','2019-11-25 00:00:00','2020-01-07 00:00:00');
insert  into `t_db_source`(`id`,`ip`,`port`,`service`,`status`,`user`,`password`,`db_type`,`db_desc`,`db_env`,`inst_type`,`proxy_status`,`proxy_server`,`market_id`,`creator`,`updater`,`create_date`,`last_update_date`) values (70,'rm-2zepk17wa16a3f3r8.mysql.rds.aliyuncs.com','3306','','1','puppet','7D86F7A83E38AD4DFB15C0AFEFF7D310','0','好房mysql生产环境-[bi]-[内网]','1','2','0','','001','DBA','DBA','2019-11-25 00:00:00','2020-04-18 00:00:00');
insert  into `t_db_source`(`id`,`ip`,`port`,`service`,`status`,`user`,`password`,`db_type`,`db_desc`,`db_env`,`inst_type`,`proxy_status`,`proxy_server`,`market_id`,`creator`,`updater`,`create_date`,`last_update_date`) values (71,'rm-2zeh739lme9f9hr08.mysql.rds.aliyuncs.com','3306','','1','easylife','ABB913AB8AAC48E0111FAE6EBDAFB4FE','0','好房mysql灰度环境','1','2','0','','001','DBA','DBA','2019-11-25 00:00:00','2020-05-20 00:00:00');
insert  into `t_db_source`(`id`,`ip`,`port`,`service`,`status`,`user`,`password`,`db_type`,`db_desc`,`db_env`,`inst_type`,`proxy_status`,`proxy_server`,`market_id`,`creator`,`updater`,`create_date`,`last_update_date`) values (72,'192.168.100.79','27017','easylife','1','','','6','好房mongodb生产环境[prod]','1','1','0','','001','DBA','DBA','2019-11-25 00:00:00','2020-04-18 00:00:00');
insert  into `t_db_source`(`id`,`ip`,`port`,`service`,`status`,`user`,`password`,`db_type`,`db_desc`,`db_env`,`inst_type`,`proxy_status`,`proxy_server`,`market_id`,`creator`,`updater`,`create_date`,`last_update_date`) values (73,'r-2zedvk3n10jw7c3tt9.redis.rds.aliyuncs.com','6379','','1','','1301108D9826CF989F6B9B93CA0B092C','5','好房redis生产环境[prod]','1','1','0','','001','DBA','DBA','2019-11-25 00:00:00','2020-04-18 00:00:00');
insert  into `t_db_source`(`id`,`ip`,`port`,`service`,`status`,`user`,`password`,`db_type`,`db_desc`,`db_env`,`inst_type`,`proxy_status`,`proxy_server`,`market_id`,`creator`,`updater`,`create_date`,`last_update_date`) values (74,'192.168.100.76','9200','','1','','','4','好房elasticsearch生产环境','1','1','0','','001','DBA','DBA','2019-11-25 00:00:00','2020-04-18 00:00:00');
insert  into `t_db_source`(`id`,`ip`,`port`,`service`,`status`,`user`,`password`,`db_type`,`db_desc`,`db_env`,`inst_type`,`proxy_status`,`proxy_server`,`market_id`,`creator`,`updater`,`create_date`,`last_update_date`) values (75,'10.2.39.225','3306','','1','puppet','7D86F7A83E38AD4DFB15C0AFEFF7D310','0','合生通zabbix生产环境[内网]','1','1','0','','000','DBA','DBA','2019-11-26 00:00:00','2019-11-26 00:00:00');
insert  into `t_db_source`(`id`,`ip`,`port`,`service`,`status`,`user`,`password`,`db_type`,`db_desc`,`db_env`,`inst_type`,`proxy_status`,`proxy_server`,`market_id`,`creator`,`updater`,`create_date`,`last_update_date`) values (76,'10.43.128.185','3306','','1','sync','26F21C959E9BAEBA94A9CAA92999953D','0','西安时代广场mysql项目库','1','1','0','','10230','DBA','DBA','2019-11-27 00:00:00','2019-11-27 00:00:00');
insert  into `t_db_source`(`id`,`ip`,`port`,`service`,`status`,`user`,`password`,`db_type`,`db_desc`,`db_env`,`inst_type`,`proxy_status`,`proxy_server`,`market_id`,`creator`,`updater`,`create_date`,`last_update_date`) values (77,'192.168.1.200','1433','jsst','1','sa','6667272807DFC1DEF6602FCE730CBD59','2','西安时代广场mssql车流库','1','1','0','','10230','DBA','DBA','2019-11-27 00:00:00','2019-11-27 00:00:00');
insert  into `t_db_source`(`id`,`ip`,`port`,`service`,`status`,`user`,`password`,`db_type`,`db_desc`,`db_env`,`inst_type`,`proxy_status`,`proxy_server`,`market_id`,`creator`,`updater`,`create_date`,`last_update_date`) values (78,'10.2.39.40','3306','','1','hopsonone','DF0B64157D477DEA52377DDF1B7D7FCD','0','合生通mysql开发环境[sync]','3','1','0','','000','DBA','DBA','2019-12-16 00:00:00','2019-12-16 00:00:00');
insert  into `t_db_source`(`id`,`ip`,`port`,`service`,`status`,`user`,`password`,`db_type`,`db_desc`,`db_env`,`inst_type`,`proxy_status`,`proxy_server`,`market_id`,`creator`,`updater`,`create_date`,`last_update_date`) values (79,'10.2.39.80','3306','','1','sync','26F21C959E9BAEBA94A9CAA92999953D','0','合生通mysql测试环境[sync]','2','1','0','','000','DBA','DBA','2019-12-16 00:00:00','2019-12-17 00:00:00');
insert  into `t_db_source`(`id`,`ip`,`port`,`service`,`status`,`user`,`password`,`db_type`,`db_desc`,`db_env`,`inst_type`,`proxy_status`,`proxy_server`,`market_id`,`creator`,`updater`,`create_date`,`last_update_date`) values (80,'rm-2zepk17wa16a3f3r8.mysql.rds.aliyuncs.com','3306','','1','easylifebi_2019','6E7E839034BEB94A13083FD889DA303F14B64A6DB0F10BAD04B1BC9B07D3A1D5590DB18529D0CA9FF5530BC4B0A16E07','0','好房mysql生产环境-[bi]-[内网]-[admin]','1','2','0','','001','DBA','DBA','2019-12-16 00:00:00','2020-05-22 00:00:00');
insert  into `t_db_source`(`id`,`ip`,`port`,`service`,`status`,`user`,`password`,`db_type`,`db_desc`,`db_env`,`inst_type`,`proxy_status`,`proxy_server`,`market_id`,`creator`,`updater`,`create_date`,`last_update_date`) values (81,'10.2.39.97','3306','','1','sync','26F21C959E9BAEBA94A9CAA92999953D','0','好房mysql开发环境-[dev]-[sync]','3','1','0','','001','DBA','DBA','2019-12-16 00:00:00','2019-12-18 00:00:00');
insert  into `t_db_source`(`id`,`ip`,`port`,`service`,`status`,`user`,`password`,`db_type`,`db_desc`,`db_env`,`inst_type`,`proxy_status`,`proxy_server`,`market_id`,`creator`,`updater`,`create_date`,`last_update_date`) values (82,'10.2.39.97','3306','','1','puppet','7D86F7A83E38AD4DFB15C0AFEFF7D310','0','好房mysql开发环境-[dev]-[backup]','3','1','0','','001','DBA','DBA','2019-12-18 00:00:00','2019-12-18 00:00:00');
insert  into `t_db_source`(`id`,`ip`,`port`,`service`,`status`,`user`,`password`,`db_type`,`db_desc`,`db_env`,`inst_type`,`proxy_status`,`proxy_server`,`market_id`,`creator`,`updater`,`create_date`,`last_update_date`) values (83,'10.2.39.129','3306','','1','puppet','7D86F7A83E38AD4DFB15C0AFEFF7D310','0','好房mysql测试环境-[uat]-[backup]','2','1','0','','001','DBA','DBA','2019-12-18 00:00:00','2019-12-18 00:00:00');
insert  into `t_db_source`(`id`,`ip`,`port`,`service`,`status`,`user`,`password`,`db_type`,`db_desc`,`db_env`,`inst_type`,`proxy_status`,`proxy_server`,`market_id`,`creator`,`updater`,`create_date`,`last_update_date`) values (84,'rm-2ze7ta6sue247fwjo2o.mysql.rds.aliyuncs.com','3306','','1','puppet','7D86F7A83E38AD4DFB15C0AFEFF7D310','0','会付通mysql生产环境[biz]','1','2','0','','002','DBA','DBA','2019-12-19 00:00:00','2020-12-23 00:00:00');
insert  into `t_db_source`(`id`,`ip`,`port`,`service`,`status`,`user`,`password`,`db_type`,`db_desc`,`db_env`,`inst_type`,`proxy_status`,`proxy_server`,`market_id`,`creator`,`updater`,`create_date`,`last_update_date`) values (85,'172.17.194.53','3306','','1','root','1A8D6D1025C46B967C7251582E6CC9B2','0','合生通mysql预生产环境-[内网]-[主库]','4','1','0','','000','DBA','DBA','2019-12-24 00:00:00','2020-05-06 00:00:00');
insert  into `t_db_source`(`id`,`ip`,`port`,`service`,`status`,`user`,`password`,`db_type`,`db_desc`,`db_env`,`inst_type`,`proxy_status`,`proxy_server`,`market_id`,`creator`,`updater`,`create_date`,`last_update_date`) values (86,'10.5.232.249','1433','IPVA_S0400_B1','1','bi','4AF35F64DBDA0A1296AFDD53261E69F5','2','广州增城mssql客流库','1','1','1','10.5.232.214:8888','237','DBA','DBA','2020-01-04 00:00:00','2020-11-12 00:00:00');
insert  into `t_db_source`(`id`,`ip`,`port`,`service`,`status`,`user`,`password`,`db_type`,`db_desc`,`db_env`,`inst_type`,`proxy_status`,`proxy_server`,`market_id`,`creator`,`updater`,`create_date`,`last_update_date`) values (87,'10.5.232.214','3306','','1','sync','26F21C959E9BAEBA94A9CAA92999953D','0','广州增城mysql项目库','1','1','1','10.5.232.214:8888','237','DBA','DBA','2020-01-04 00:00:00','2020-11-12 00:00:00');
insert  into `t_db_source`(`id`,`ip`,`port`,`service`,`status`,`user`,`password`,`db_type`,`db_desc`,`db_env`,`inst_type`,`proxy_status`,`proxy_server`,`market_id`,`creator`,`updater`,`create_date`,`last_update_date`) values (88,'rr-2zekl959654j1k49r.mysql.rds.aliyuncs.com','3306','','1','hopsononebi_ro','EA7909ED060FFA408CAE40F3C0F8E82CB5005337B2C6A3B61353A3EA27C904C8','0','合生通mysql生产环境-[biz]-[slave]-[内网]','1','2','1','39.106.226.140:8888','000','DBA','DBA','2020-01-07 00:00:00','2020-11-18 00:00:00');
insert  into `t_db_source`(`id`,`ip`,`port`,`service`,`status`,`user`,`password`,`db_type`,`db_desc`,`db_env`,`inst_type`,`proxy_status`,`proxy_server`,`market_id`,`creator`,`updater`,`create_date`,`last_update_date`) values (89,'172.26.29.70','1433','TrendsMall_Hopson','1','BI_read','93AD02AA2E6D4D6EFACF59451876322A','2','德利多富阿里云租赁系统销售库','1','2','0','','888','DBA','DBA','2020-01-08 00:00:00','2020-01-08 00:00:00');
insert  into `t_db_source`(`id`,`ip`,`port`,`service`,`status`,`user`,`password`,`db_type`,`db_desc`,`db_env`,`inst_type`,`proxy_status`,`proxy_server`,`market_id`,`creator`,`updater`,`create_date`,`last_update_date`) values (90,'192.168.100.63','3306','','1','puppet','7D86F7A83E38AD4DFB15C0AFEFF7D310','0','合生通大数据mysql库[prod]','1','1','0','','000','DBA','DBA','2020-01-08 00:00:00','2020-01-08 00:00:00');
insert  into `t_db_source`(`id`,`ip`,`port`,`service`,`status`,`user`,`password`,`db_type`,`db_desc`,`db_env`,`inst_type`,`proxy_status`,`proxy_server`,`market_id`,`creator`,`updater`,`create_date`,`last_update_date`) values (91,'10.2.39.165','3306','','1','puppet','7D86F7A83E38AD4DFB15C0AFEFF7D310','0','合生通大数据mysql库[dev]','3','1','0','','000','DBA','DBA','2020-01-08 00:00:00','2020-01-08 00:00:00');
insert  into `t_db_source`(`id`,`ip`,`port`,`service`,`status`,`user`,`password`,`db_type`,`db_desc`,`db_env`,`inst_type`,`proxy_status`,`proxy_server`,`market_id`,`creator`,`updater`,`create_date`,`last_update_date`) values (92,'10.2.39.84','3306','','1','puppet','7D86F7A83E38AD4DFB15C0AFEFF7D310','0','合生通大数据mysql库[uat]','2','1','0','','000','DBA','DBA','2020-01-08 00:00:00','2020-01-08 00:00:00');
insert  into `t_db_source`(`id`,`ip`,`port`,`service`,`status`,`user`,`password`,`db_type`,`db_desc`,`db_env`,`inst_type`,`proxy_status`,`proxy_server`,`market_id`,`creator`,`updater`,`create_date`,`last_update_date`) values (93,'rr-2ze8nqixl9wq6ei041o.mysql.rds.aliyuncs.com','3306','','1','hft_ro','193B2B8470A7CDBBFD40ADC552BAC9F475F7B04B0021D1D59DF9E97006CCD599','0','会付通mysql生产环境[biz]-[slave]','1','2','0','','002','DBA','DBA','2020-01-09 00:00:00','2020-01-20 00:00:00');
insert  into `t_db_source`(`id`,`ip`,`port`,`service`,`status`,`user`,`password`,`db_type`,`db_desc`,`db_env`,`inst_type`,`proxy_status`,`proxy_server`,`market_id`,`creator`,`updater`,`create_date`,`last_update_date`) values (94,'172.17.194.66','3306','','1','root','1A8D6D1025C46B967C7251582E6CC9B2','0','合生通mysql预生产环境-[内网]-[从库]','4','1','0','','000','DBA','DBA','2020-02-18 00:00:00','2020-05-06 00:00:00');
insert  into `t_db_source`(`id`,`ip`,`port`,`service`,`status`,`user`,`password`,`db_type`,`db_desc`,`db_env`,`inst_type`,`proxy_status`,`proxy_server`,`market_id`,`creator`,`updater`,`create_date`,`last_update_date`) values (95,'39.107.70.55','3306','','1','root','1A8D6D1025C46B967C7251582E6CC9B2','0','合生通mysql预生产环境-[外网]-[主库]','4','1','0','','000','DBA','DBA','2020-02-25 00:00:00','2020-05-06 00:00:00');
insert  into `t_db_source`(`id`,`ip`,`port`,`service`,`status`,`user`,`password`,`db_type`,`db_desc`,`db_env`,`inst_type`,`proxy_status`,`proxy_server`,`market_id`,`creator`,`updater`,`create_date`,`last_update_date`) values (96,'47.94.208.172','3306','','1','root','1A8D6D1025C46B967C7251582E6CC9B2','0','合生通mysql预生产环境-[外网]-[从库]','4','1','0','','000','DBA','DBA','2020-02-25 00:00:00','2020-05-06 00:00:00');
insert  into `t_db_source`(`id`,`ip`,`port`,`service`,`status`,`user`,`password`,`db_type`,`db_desc`,`db_env`,`inst_type`,`proxy_status`,`proxy_server`,`market_id`,`creator`,`updater`,`create_date`,`last_update_date`) values (97,'rr-2zeh05ftj505v83e0.mysql.rds.aliyuncs.com','3306','','1','easylife','ABB913AB8AAC48E0111FAE6EBDAFB4FE','0','好房mysql生产环境-[biz]-[slave]-[内网]','1','2','0','','001','DBA','DBA','2020-03-05 00:00:00','2020-05-22 00:00:00');
insert  into `t_db_source`(`id`,`ip`,`port`,`service`,`status`,`user`,`password`,`db_type`,`db_desc`,`db_env`,`inst_type`,`proxy_status`,`proxy_server`,`market_id`,`creator`,`updater`,`create_date`,`last_update_date`) values (98,'10.2.39.165','3306','','1','root','3A458810EFF33D58ABB47458A0C90DF2','0','平台组-大数据mysql开发','5','1','0','','000','DBA','DBA','2020-03-06 00:00:00','2020-05-27 00:00:00');
insert  into `t_db_source`(`id`,`ip`,`port`,`service`,`status`,`user`,`password`,`db_type`,`db_desc`,`db_env`,`inst_type`,`proxy_status`,`proxy_server`,`market_id`,`creator`,`updater`,`create_date`,`last_update_date`) values (99,'10.2.39.84','3306','','1','root','3A458810EFF33D58ABB47458A0C90DF2','0','平台组-大数据mysql测试','5','1','0','','000','DBA','DBA','2020-03-06 00:00:00','2020-05-27 00:00:00');
insert  into `t_db_source`(`id`,`ip`,`port`,`service`,`status`,`user`,`password`,`db_type`,`db_desc`,`db_env`,`inst_type`,`proxy_status`,`proxy_server`,`market_id`,`creator`,`updater`,`create_date`,`last_update_date`) values (100,'39.97.228.245','3306','','1','root','3A458810EFF33D58ABB47458A0C90DF2','0','平台组-大数据mysql生产','5','1','0','','000','DBA','DBA','2020-03-06 00:00:00','2020-05-27 00:00:00');
insert  into `t_db_source`(`id`,`ip`,`port`,`service`,`status`,`user`,`password`,`db_type`,`db_desc`,`db_env`,`inst_type`,`proxy_status`,`proxy_server`,`market_id`,`creator`,`updater`,`create_date`,`last_update_date`) values (101,'10.2.39.194','3306','','1','puppet','7D86F7A83E38AD4DFB15C0AFEFF7D310','0','平台组mysql环境[dev@uat]','6','1','0','','000','DBA','DBA','2020-03-13 00:00:00','2020-03-13 00:00:00');
insert  into `t_db_source`(`id`,`ip`,`port`,`service`,`status`,`user`,`password`,`db_type`,`db_desc`,`db_env`,`inst_type`,`proxy_status`,`proxy_server`,`market_id`,`creator`,`updater`,`create_date`,`last_update_date`) values (102,'10.2.39.195','3306','','1','puppet','7D86F7A83E38AD4DFB15C0AFEFF7D310','0','平台组mysql环境[test]','6','1','0','','000','DBA','DBA','2020-03-13 00:00:00','2020-03-13 00:00:00');
insert  into `t_db_source`(`id`,`ip`,`port`,`service`,`status`,`user`,`password`,`db_type`,`db_desc`,`db_env`,`inst_type`,`proxy_status`,`proxy_server`,`market_id`,`creator`,`updater`,`create_date`,`last_update_date`) values (103,'10.16.1.3\\IPVA','1433','IPVA_S0400_B3','0','bi','4AF35F64DBDA0A1296AFDD53261E69F5','2','集团mssql客流库','1','1','0','','777','DBA','DBA','2020-03-26 00:00:00','2020-12-28 00:00:00');
insert  into `t_db_source`(`id`,`ip`,`port`,`service`,`status`,`user`,`password`,`db_type`,`db_desc`,`db_env`,`inst_type`,`proxy_status`,`proxy_server`,`market_id`,`creator`,`updater`,`create_date`,`last_update_date`) values (104,'10.2.39.195','3306','','1','dbops_pms_test','8768025CD8EB4E93818565E642C4820F','0','平台组mysql-test环境','6','1','0','','000','DBA','DBA','2020-04-02 00:00:00','2020-04-02 00:00:00');
insert  into `t_db_source`(`id`,`ip`,`port`,`service`,`status`,`user`,`password`,`db_type`,`db_desc`,`db_env`,`inst_type`,`proxy_status`,`proxy_server`,`market_id`,`creator`,`updater`,`create_date`,`last_update_date`) values (105,'10.2.39.194','3306','','1','dbops_pms_dev','9D7B6E9EC0D676F6659132FF5B003AD0','0','平台组mysql-dev环境','6','1','0','','000','DBA','DBA','2020-04-02 00:00:00','2020-04-02 00:00:00');
insert  into `t_db_source`(`id`,`ip`,`port`,`service`,`status`,`user`,`password`,`db_type`,`db_desc`,`db_env`,`inst_type`,`proxy_status`,`proxy_server`,`market_id`,`creator`,`updater`,`create_date`,`last_update_date`) values (106,'10.2.39.194','3306','','1','dbops_pms_uat','D14E79BBF5A1D8A51D8A5D68A1AD6F26','0','平台组mysql-uat环境','6','1','0','','000','DBA','DBA','2020-04-02 00:00:00','2020-04-02 00:00:00');
insert  into `t_db_source`(`id`,`ip`,`port`,`service`,`status`,`user`,`password`,`db_type`,`db_desc`,`db_env`,`inst_type`,`proxy_status`,`proxy_server`,`market_id`,`creator`,`updater`,`create_date`,`last_update_date`) values (107,'rm-2ze9y75wip0929gy86o.mysql.rds.aliyuncs.com','3306','','1','dbops_hst_prod','57FF1050E095F62681E855BF9BA67D71','0','合生通mysql-prod-biz环境','1','2','0','','000','DBA','DBA','2020-04-02 00:00:00','2020-04-02 00:00:00');
insert  into `t_db_source`(`id`,`ip`,`port`,`service`,`status`,`user`,`password`,`db_type`,`db_desc`,`db_env`,`inst_type`,`proxy_status`,`proxy_server`,`market_id`,`creator`,`updater`,`create_date`,`last_update_date`) values (108,'rm-2ze9y75wip0929gy86o.mysql.rds.aliyuncs.com','3306','','1','dbops_pms_prod','4351BBD623093B6DAB6746E89F3A7B96','0','平台组mysql-prod-环境','1','2','0','','000','DBA','DBA','2020-04-02 00:00:00','2020-04-02 00:00:00');
insert  into `t_db_source`(`id`,`ip`,`port`,`service`,`status`,`user`,`password`,`db_type`,`db_desc`,`db_env`,`inst_type`,`proxy_status`,`proxy_server`,`market_id`,`creator`,`updater`,`create_date`,`last_update_date`) values (109,'10.2.39.27','3306','','0','sync','26F21C959E9BAEBA94A9CAA92999953D','0','集团mysql项目库','1','1','0','','777','DBA','DBA','2020-04-27 00:00:00','2020-12-28 00:00:00');
insert  into `t_db_source`(`id`,`ip`,`port`,`service`,`status`,`user`,`password`,`db_type`,`db_desc`,`db_env`,`inst_type`,`proxy_status`,`proxy_server`,`market_id`,`creator`,`updater`,`create_date`,`last_update_date`) values (110,'172.17.194.51','9200','','1','','','4','合生通elasticsearch预生产环境[pred-1]','4','1','0','','000','DBA','DBA','2020-04-28 00:00:00','2020-05-09 00:00:00');
insert  into `t_db_source`(`id`,`ip`,`port`,`service`,`status`,`user`,`password`,`db_type`,`db_desc`,`db_env`,`inst_type`,`proxy_status`,`proxy_server`,`market_id`,`creator`,`updater`,`create_date`,`last_update_date`) values (111,'172.17.194.66','9200','','1','','','4','合生通elasticsearch预生产环境[pred-7]','4','1','0','','000','DBA','DBA','2020-04-28 00:00:00','2020-04-28 00:00:00');
insert  into `t_db_source`(`id`,`ip`,`port`,`service`,`status`,`user`,`password`,`db_type`,`db_desc`,`db_env`,`inst_type`,`proxy_status`,`proxy_server`,`market_id`,`creator`,`updater`,`create_date`,`last_update_date`) values (112,'10.2.39.46','3306','','1','puppet','7D86F7A83E38AD4DFB15C0AFEFF7D310','0','合生通mysql开发环境-[从库]','3','1','0','','000','DBA','DBA','2020-05-06 00:00:00','2020-05-06 00:00:00');
insert  into `t_db_source`(`id`,`ip`,`port`,`service`,`status`,`user`,`password`,`db_type`,`db_desc`,`db_env`,`inst_type`,`proxy_status`,`proxy_server`,`market_id`,`creator`,`updater`,`create_date`,`last_update_date`) values (113,'10.2.39.76','3306','','1','puppet','7D86F7A83E38AD4DFB15C0AFEFF7D310','0','合生通mysql测试环境-[从库]','2','1','0','','000','DBA','DBA','2020-05-06 00:00:00','2020-05-06 00:00:00');
insert  into `t_db_source`(`id`,`ip`,`port`,`service`,`status`,`user`,`password`,`db_type`,`db_desc`,`db_env`,`inst_type`,`proxy_status`,`proxy_server`,`market_id`,`creator`,`updater`,`create_date`,`last_update_date`) values (114,'10.2.39.42','27016','','1','','','6','合生通mongodb开发环境[kaifa-3]','3','1','0','','000','DBA','DBA','2020-05-08 00:00:00','2020-05-08 00:00:00');
insert  into `t_db_source`(`id`,`ip`,`port`,`service`,`status`,`user`,`password`,`db_type`,`db_desc`,`db_env`,`inst_type`,`proxy_status`,`proxy_server`,`market_id`,`creator`,`updater`,`create_date`,`last_update_date`) values (115,'10.2.39.43','27016','','1','','','6','合生通mongodb开发环境[kaifa-4]','3','1','0','','000','DBA','DBA','2020-05-08 00:00:00','2020-05-08 00:00:00');
insert  into `t_db_source`(`id`,`ip`,`port`,`service`,`status`,`user`,`password`,`db_type`,`db_desc`,`db_env`,`inst_type`,`proxy_status`,`proxy_server`,`market_id`,`creator`,`updater`,`create_date`,`last_update_date`) values (116,'10.2.39.72','27016','','1','','','6','合生通mongodb测试环境[test-3]','2','1','0','','000','DBA','DBA','2020-05-08 00:00:00','2020-05-08 00:00:00');
insert  into `t_db_source`(`id`,`ip`,`port`,`service`,`status`,`user`,`password`,`db_type`,`db_desc`,`db_env`,`inst_type`,`proxy_status`,`proxy_server`,`market_id`,`creator`,`updater`,`create_date`,`last_update_date`) values (117,'10.2.39.73','27016','','1','','','6','合生通mongodb测试环境[test-4]','2','1','0','','000','DBA','DBA','2020-05-08 00:00:00','2020-05-08 00:00:00');
insert  into `t_db_source`(`id`,`ip`,`port`,`service`,`status`,`user`,`password`,`db_type`,`db_desc`,`db_env`,`inst_type`,`proxy_status`,`proxy_server`,`market_id`,`creator`,`updater`,`create_date`,`last_update_date`) values (118,'10.2.39.72','9200','','1','','','4','合生通elasticsearch测试环境[test-3]','2','1','0','','000','DBA','DBA','2020-05-08 00:00:00','2020-05-08 00:00:00');
insert  into `t_db_source`(`id`,`ip`,`port`,`service`,`status`,`user`,`password`,`db_type`,`db_desc`,`db_env`,`inst_type`,`proxy_status`,`proxy_server`,`market_id`,`creator`,`updater`,`create_date`,`last_update_date`) values (119,'10.2.39.73','9200','','1','','','4','合生通elasticsearch测试环境[test-4]','2','1','0','','000','DBA','DBA','2020-05-08 00:00:00','2020-05-08 00:00:00');
insert  into `t_db_source`(`id`,`ip`,`port`,`service`,`status`,`user`,`password`,`db_type`,`db_desc`,`db_env`,`inst_type`,`proxy_status`,`proxy_server`,`market_id`,`creator`,`updater`,`create_date`,`last_update_date`) values (120,'10.2.39.42','9200','','1','','','4','合生通elasticsearch开发环境[kaifa-3]','3','1','0','','000','DBA','DBA','2020-05-08 00:00:00','2020-05-08 00:00:00');
insert  into `t_db_source`(`id`,`ip`,`port`,`service`,`status`,`user`,`password`,`db_type`,`db_desc`,`db_env`,`inst_type`,`proxy_status`,`proxy_server`,`market_id`,`creator`,`updater`,`create_date`,`last_update_date`) values (121,'10.2.39.43','9200','','1','','','4','合生通elasticsearch开发环境[kaifa-4]','3','1','0','','000','DBA','DBA','2020-05-08 00:00:00','2020-05-08 00:00:00');
insert  into `t_db_source`(`id`,`ip`,`port`,`service`,`status`,`user`,`password`,`db_type`,`db_desc`,`db_env`,`inst_type`,`proxy_status`,`proxy_server`,`market_id`,`creator`,`updater`,`create_date`,`last_update_date`) values (122,'172.17.194.53','27016','','1','','','6','合生通mongodb预生产环境[pred-5]','4','1','0','','000','DBA','DBA','2020-05-09 00:00:00','2020-05-09 00:00:00');
insert  into `t_db_source`(`id`,`ip`,`port`,`service`,`status`,`user`,`password`,`db_type`,`db_desc`,`db_env`,`inst_type`,`proxy_status`,`proxy_server`,`market_id`,`creator`,`updater`,`create_date`,`last_update_date`) values (123,'172.17.194.66','27016','','1','','','6','合生通mongodb预生产环境[pred-7]','4','1','0','','000','DBA','DBA','2020-05-09 00:00:00','2020-05-09 00:00:00');
insert  into `t_db_source`(`id`,`ip`,`port`,`service`,`status`,`user`,`password`,`db_type`,`db_desc`,`db_env`,`inst_type`,`proxy_status`,`proxy_server`,`market_id`,`creator`,`updater`,`create_date`,`last_update_date`) values (124,'192.168.100.63','3306','','1','root','3A458810EFF33D58ABB47458A0C90DF2','0','平台组-大数据mysql生产-[内网]','6','1','0','','003','DBA','DBA','2020-05-28 00:00:00','2020-05-28 00:00:00');
insert  into `t_db_source`(`id`,`ip`,`port`,`service`,`status`,`user`,`password`,`db_type`,`db_desc`,`db_env`,`inst_type`,`proxy_status`,`proxy_server`,`market_id`,`creator`,`updater`,`create_date`,`last_update_date`) values (125,'192.168.253.5','1433','tingcheeasydb','1','sa','FB7FEBC38982266A4FB75B3E5352B91D','2','北京德胜财富广场mssql车流库','1','1','1','bjdespark.hopsontong.com:60128','207','DBA','DBA','2020-05-28 00:00:00','2020-11-21 00:00:00');
insert  into `t_db_source`(`id`,`ip`,`port`,`service`,`status`,`user`,`password`,`db_type`,`db_desc`,`db_env`,`inst_type`,`proxy_status`,`proxy_server`,`market_id`,`creator`,`updater`,`create_date`,`last_update_date`) values (126,'192.168.0.5','1433','tingcheeasydb','1','sa','FB7FEBC38982266A4FB75B3E5352B91D','2','上海海云天mssql车流库','1','1','1','shhytpark.hopsontong.com:60118','183','DBA','DBA','2020-05-28 00:00:00','2020-11-21 00:00:00');
insert  into `t_db_source`(`id`,`ip`,`port`,`service`,`status`,`user`,`password`,`db_type`,`db_desc`,`db_env`,`inst_type`,`proxy_status`,`proxy_server`,`market_id`,`creator`,`updater`,`create_date`,`last_update_date`) values (127,'192.168.253.244','3306','','1','sync','26F21C959E9BAEBA94A9CAA92999953D','0','北京德胜财富广场mysql项目库','1','1','1','bjdespark.hopsontong.com:60128','207','DBA','DBA','2020-05-28 00:00:00','2020-11-21 00:00:00');
insert  into `t_db_source`(`id`,`ip`,`port`,`service`,`status`,`user`,`password`,`db_type`,`db_desc`,`db_env`,`inst_type`,`proxy_status`,`proxy_server`,`market_id`,`creator`,`updater`,`create_date`,`last_update_date`) values (128,'192.168.0.244','3306','','1','sync','26F21C959E9BAEBA94A9CAA92999953D','0','上海海云天mysql项目库','1','1','1','shhytpark.hopsontong.com:60118','183','DBA','DBA','2020-05-28 00:00:00','2020-11-21 00:00:00');
insert  into `t_db_source`(`id`,`ip`,`port`,`service`,`status`,`user`,`password`,`db_type`,`db_desc`,`db_env`,`inst_type`,`proxy_status`,`proxy_server`,`market_id`,`creator`,`updater`,`create_date`,`last_update_date`) values (129,'192.168.0.5','1433','tingcheeasydb','1','sa','FB7FEBC38982266A4FB75B3E5352B91D','2','上海茶岸园mssql车流库','1','1','0','','249','DBA','DBA','2020-06-01 00:00:00','2020-06-09 00:00:00');
insert  into `t_db_source`(`id`,`ip`,`port`,`service`,`status`,`user`,`password`,`db_type`,`db_desc`,`db_env`,`inst_type`,`proxy_status`,`proxy_server`,`market_id`,`creator`,`updater`,`create_date`,`last_update_date`) values (130,'192.168.0.244','3306','','1','sync','26F21C959E9BAEBA94A9CAA92999953D','0','上海茶岸园mysql项目库','1','1','0','','249','DBA','DBA','2020-06-01 00:00:00','2020-06-09 00:00:00');
insert  into `t_db_source`(`id`,`ip`,`port`,`service`,`status`,`user`,`password`,`db_type`,`db_desc`,`db_env`,`inst_type`,`proxy_status`,`proxy_server`,`market_id`,`creator`,`updater`,`create_date`,`last_update_date`) values (131,'192.168.1.244','3306','','1','sync','26F21C959E9BAEBA94A9CAA92999953D','0','上海静安珠江创意中心mysql项目库','1','1','0','','159','DBA','DBA','2020-06-15 00:00:00','2020-06-18 00:00:00');
insert  into `t_db_source`(`id`,`ip`,`port`,`service`,`status`,`user`,`password`,`db_type`,`db_desc`,`db_env`,`inst_type`,`proxy_status`,`proxy_server`,`market_id`,`creator`,`updater`,`create_date`,`last_update_date`) values (132,'192.168.253.238','3306','','1','sync','26F21C959E9BAEBA94A9CAA92999953D','0','杭州科华mysql项目库','1','1','1','hzkhpark.hopsontong.com:60016','203','DBA','DBA','2020-06-16 00:00:00','2020-11-21 00:00:00');
insert  into `t_db_source`(`id`,`ip`,`port`,`service`,`status`,`user`,`password`,`db_type`,`db_desc`,`db_env`,`inst_type`,`proxy_status`,`proxy_server`,`market_id`,`creator`,`updater`,`create_date`,`last_update_date`) values (133,'192.168.253.5','1433','tingcheeasydb','1','sa','FB7FEBC38982266A4FB75B3E5352B91D','2','杭州科华mssql车流库','1','1','1','hzkhpark.hopsontong.com:60016','203','DBA','DBA','2020-06-16 00:00:00','2020-11-21 00:00:00');
insert  into `t_db_source`(`id`,`ip`,`port`,`service`,`status`,`user`,`password`,`db_type`,`db_desc`,`db_env`,`inst_type`,`proxy_status`,`proxy_server`,`market_id`,`creator`,`updater`,`create_date`,`last_update_date`) values (134,'192.168.1.5','1433','tingcheeasydb','1','sa','FB7FEBC38982266A4FB75B3E5352B91D','2','上海静安珠江创意中心mssql车流库','1','1','0','','159','DBA','DBA','2020-06-18 00:00:00','2020-06-18 00:00:00');
insert  into `t_db_source`(`id`,`ip`,`port`,`service`,`status`,`user`,`password`,`db_type`,`db_desc`,`db_env`,`inst_type`,`proxy_status`,`proxy_server`,`market_id`,`creator`,`updater`,`create_date`,`last_update_date`) values (135,'172.26.29.74','3306','','1','puppet','7D86F7A83E38AD4DFB15C0AFEFF7D310','0','商管-投资系统mysql生产库','1','1','0','','666','DBA','DBA','2020-06-21 00:00:00','2020-07-07 00:00:00');
insert  into `t_db_source`(`id`,`ip`,`port`,`service`,`status`,`user`,`password`,`db_type`,`db_desc`,`db_env`,`inst_type`,`proxy_status`,`proxy_server`,`market_id`,`creator`,`updater`,`create_date`,`last_update_date`) values (136,'172.26.29.48','3306','','1','puppet','7D86F7A83E38AD4DFB15C0AFEFF7D310','0','商管-OA系统mysql生产库','1','1','0','','666','DBA','DBA','2020-06-21 00:00:00','2020-07-07 00:00:00');
insert  into `t_db_source`(`id`,`ip`,`port`,`service`,`status`,`user`,`password`,`db_type`,`db_desc`,`db_env`,`inst_type`,`proxy_status`,`proxy_server`,`market_id`,`creator`,`updater`,`create_date`,`last_update_date`) values (137,'172.26.29.65','1433','HS','1','admin','507DB8C06D8EDCA87B5C332204C829F4','2','商管-BI系统-mssql生产库','1','1','0','','666','DBA','DBA','2020-07-07 00:00:00','2020-07-07 00:00:00');
insert  into `t_db_source`(`id`,`ip`,`port`,`service`,`status`,`user`,`password`,`db_type`,`db_desc`,`db_env`,`inst_type`,`proxy_status`,`proxy_server`,`market_id`,`creator`,`updater`,`create_date`,`last_update_date`) values (138,'172.26.29.44','1521','orcl','1','zjwy','66DAF54845D765D4DF0A3C190FCAB4FA','1','商管-乐软系统-oracle生产库','1','1','0','','666','DBA','DBA','2020-07-07 00:00:00','2020-07-07 00:00:00');
insert  into `t_db_source`(`id`,`ip`,`port`,`service`,`status`,`user`,`password`,`db_type`,`db_desc`,`db_env`,`inst_type`,`proxy_status`,`proxy_server`,`market_id`,`creator`,`updater`,`create_date`,`last_update_date`) values (140,'172.26.29.91','1521','finedb','1','scott','45F8ABDDB2C7E6CDA2FFF1EE0C80C75D','1','商管-结算系统2.0-帆软-oracle生产库','1','1','0','','666','DBA','DBA','2020-08-12 00:00:00','2020-08-12 00:00:00');
insert  into `t_db_source`(`id`,`ip`,`port`,`service`,`status`,`user`,`password`,`db_type`,`db_desc`,`db_env`,`inst_type`,`proxy_status`,`proxy_server`,`market_id`,`creator`,`updater`,`create_date`,`last_update_date`) values (141,'172.26.29.91','1521','orcl','1','scott','45F8ABDDB2C7E6CDA2FFF1EE0C80C75D','1','商管-结算系统2.0-oracle生产库','1','1','0','','666','DBA','DBA','2020-08-12 00:00:00','2020-08-12 00:00:00');
insert  into `t_db_source`(`id`,`ip`,`port`,`service`,`status`,`user`,`password`,`db_type`,`db_desc`,`db_env`,`inst_type`,`proxy_status`,`proxy_server`,`market_id`,`creator`,`updater`,`create_date`,`last_update_date`) values (142,'172.26.29.91','1433','','1','sa','DC5E1316FF2DA912991495E68ED709C4','2','商管-结算系统1.0-mssql生产库','1','1','0','','666','DBA','DBA','2020-08-12 00:00:00','2020-08-12 00:00:00');
insert  into `t_db_source`(`id`,`ip`,`port`,`service`,`status`,`user`,`password`,`db_type`,`db_desc`,`db_env`,`inst_type`,`proxy_status`,`proxy_server`,`market_id`,`creator`,`updater`,`create_date`,`last_update_date`) values (143,'192.168.100.76','27017','','1','','','6','好房生产-mongo-1[内网]','1','1','0','','001','DBA','DBA','2020-09-10 00:00:00','2020-09-10 00:00:00');
insert  into `t_db_source`(`id`,`ip`,`port`,`service`,`status`,`user`,`password`,`db_type`,`db_desc`,`db_env`,`inst_type`,`proxy_status`,`proxy_server`,`market_id`,`creator`,`updater`,`create_date`,`last_update_date`) values (144,'192.168.100.79','27017','','1','','','6','好房生产-mongo-2[内网]','1','1','0','','001','DBA','DBA','2020-09-10 00:00:00','2020-09-10 00:00:00');
insert  into `t_db_source`(`id`,`ip`,`port`,`service`,`status`,`user`,`password`,`db_type`,`db_desc`,`db_env`,`inst_type`,`proxy_status`,`proxy_server`,`market_id`,`creator`,`updater`,`create_date`,`last_update_date`) values (145,'192.168.100.77','27017','','1','','','6','好房生产-mongo-3[内网]','1','1','0','','001','DBA','DBA','2020-09-10 00:00:00','2020-09-10 00:00:00');
insert  into `t_db_source`(`id`,`ip`,`port`,`service`,`status`,`user`,`password`,`db_type`,`db_desc`,`db_env`,`inst_type`,`proxy_status`,`proxy_server`,`market_id`,`creator`,`updater`,`create_date`,`last_update_date`) values (146,'192.168.100.77','9200','','1','','','4','好房生产-elasticsearch-3[内网]','1','1','0','','001','DBA','DBA','2020-09-10 00:00:00','2020-09-10 00:00:00');
insert  into `t_db_source`(`id`,`ip`,`port`,`service`,`status`,`user`,`password`,`db_type`,`db_desc`,`db_env`,`inst_type`,`proxy_status`,`proxy_server`,`market_id`,`creator`,`updater`,`create_date`,`last_update_date`) values (147,'192.168.100.79','9200','','1','','','4','好房生产-elasticsearch-2[内网]','1','1','0','','001','DBA','DBA','2020-09-10 00:00:00','2020-09-10 00:00:00');
insert  into `t_db_source`(`id`,`ip`,`port`,`service`,`status`,`user`,`password`,`db_type`,`db_desc`,`db_env`,`inst_type`,`proxy_status`,`proxy_server`,`market_id`,`creator`,`updater`,`create_date`,`last_update_date`) values (148,'192.168.100.76','9200','','1','','','4','好房生产-elasticsearch-1[内网]','1','1','0','','001','DBA','DBA','2020-09-10 00:00:00','2020-09-10 00:00:00');
insert  into `t_db_source`(`id`,`ip`,`port`,`service`,`status`,`user`,`password`,`db_type`,`db_desc`,`db_env`,`inst_type`,`proxy_status`,`proxy_server`,`market_id`,`creator`,`updater`,`create_date`,`last_update_date`) values (149,'172.26.29.70','1433','','1','sa','53A7935495B55BFBDEAF399EAC884F3F','2','商管-资产租赁系统-mssql生产库','1','1','0','','666','DBA','DBA','2020-09-14 00:00:00','2020-09-14 00:00:00');
insert  into `t_db_source`(`id`,`ip`,`port`,`service`,`status`,`user`,`password`,`db_type`,`db_desc`,`db_env`,`inst_type`,`proxy_status`,`proxy_server`,`market_id`,`creator`,`updater`,`create_date`,`last_update_date`) values (150,'172.26.29.71','1433','','1','sa','53A7935495B55BFBDEAF399EAC884F3F','2','商管-资产租赁系统-mssql生产从库','1','1','0','','666','DBA','DBA','2020-09-18 00:00:00','2020-09-18 00:00:00');
insert  into `t_db_source`(`id`,`ip`,`port`,`service`,`status`,`user`,`password`,`db_type`,`db_desc`,`db_env`,`inst_type`,`proxy_status`,`proxy_server`,`market_id`,`creator`,`updater`,`create_date`,`last_update_date`) values (151,'192.168.2.8','1433','tingcheeasydb','1','sa','FB7FEBC38982266A4FB75B3E5352B91D','2','上海五角场mssql车流库-停简单','1','1','1','10.61.101.241:8888','110','DBA','DBA','2020-10-12 00:00:00','2020-11-12 00:00:00');
insert  into `t_db_source`(`id`,`ip`,`port`,`service`,`status`,`user`,`password`,`db_type`,`db_desc`,`db_env`,`inst_type`,`proxy_status`,`proxy_server`,`market_id`,`creator`,`updater`,`create_date`,`last_update_date`) values (153,'10.2.39.18','3306','','1','puppet','7D86F7A83E38AD4DFB15C0AFEFF7D310','0','平台组生产-mysql元数据库-1','1','1','0','','003','DBA','DBA','2020-11-24 00:00:00','2020-11-24 00:00:00');
insert  into `t_db_source`(`id`,`ip`,`port`,`service`,`status`,`user`,`password`,`db_type`,`db_desc`,`db_env`,`inst_type`,`proxy_status`,`proxy_server`,`market_id`,`creator`,`updater`,`create_date`,`last_update_date`) values (154,'10.2.39.20','3306','','1','puppet','7D86F7A83E38AD4DFB15C0AFEFF7D310','0','平台组生产-mysql元数据库-2','1','1','0','','003','DBA','DBA','2020-11-24 00:00:00','2020-11-24 00:00:00');
insert  into `t_db_source`(`id`,`ip`,`port`,`service`,`status`,`user`,`password`,`db_type`,`db_desc`,`db_env`,`inst_type`,`proxy_status`,`proxy_server`,`market_id`,`creator`,`updater`,`create_date`,`last_update_date`) values (155,'10.2.39.21','3306','','1','puppet','7D86F7A83E38AD4DFB15C0AFEFF7D310','0','平台组生产-mysql元数据库-3','1','1','0','','003','DBA','DBA','2020-11-24 00:00:00','2020-11-24 00:00:00');
insert  into `t_db_source`(`id`,`ip`,`port`,`service`,`status`,`user`,`password`,`db_type`,`db_desc`,`db_env`,`inst_type`,`proxy_status`,`proxy_server`,`market_id`,`creator`,`updater`,`create_date`,`last_update_date`) values (156,'172.26.29.94','1433','','1','sa','DB3B08A19CF9FABB278F7CB6A5BCBE72','2','商管-招采系统mssql测试库','2','1','0','','666','DBA','DBA','2020-12-04 00:00:00','2020-12-04 00:00:00');
insert  into `t_db_source`(`id`,`ip`,`port`,`service`,`status`,`user`,`password`,`db_type`,`db_desc`,`db_env`,`inst_type`,`proxy_status`,`proxy_server`,`market_id`,`creator`,`updater`,`create_date`,`last_update_date`) values (157,'172.26.29.100','1433','','1','sa','DB3B08A19CF9FABB278F7CB6A5BCBE72','2','商管-招采系统mssql生产库','1','1','0','','666','DBA','DBA','2020-12-04 00:00:00','2020-12-04 00:00:00');
insert  into `t_db_source`(`id`,`ip`,`port`,`service`,`status`,`user`,`password`,`db_type`,`db_desc`,`db_env`,`inst_type`,`proxy_status`,`proxy_server`,`market_id`,`creator`,`updater`,`create_date`,`last_update_date`) values (158,'192.168.31.244','3306','','1','sync','26F21C959E9BAEBA94A9CAA92999953D','0','天津合生国际大厦mysql项目库','1','1','0','','246','DBA','DBA','2020-12-07 00:00:00','2020-12-07 00:00:00');
insert  into `t_db_source`(`id`,`ip`,`port`,`service`,`status`,`user`,`password`,`db_type`,`db_desc`,`db_env`,`inst_type`,`proxy_status`,`proxy_server`,`market_id`,`creator`,`updater`,`create_date`,`last_update_date`) values (159,'192.168.31.253','1433','tingcheeasydb','1','sa','FB7FEBC38982266A4FB75B3E5352B91D','2','天津合生国际大厦mssql车流库','1','1','0','','246','DBA','DBA','2020-12-07 00:00:00','2020-12-07 00:00:00');
insert  into `t_db_source`(`id`,`ip`,`port`,`service`,`status`,`user`,`password`,`db_type`,`db_desc`,`db_env`,`inst_type`,`proxy_status`,`proxy_server`,`market_id`,`creator`,`updater`,`create_date`,`last_update_date`) values (160,'rm-2ze7ta6sue247fwjo.mysql.rds.aliyuncs.com','3306','','1','puppet','7D86F7A83E38AD4DFB15C0AFEFF7D310','0','会付通mysql生产环境[biz]-[内网]','1','2','0','','002','DBA','DBA','2020-12-23 00:00:00','2020-12-23 00:00:00');
insert  into `t_db_source`(`id`,`ip`,`port`,`service`,`status`,`user`,`password`,`db_type`,`db_desc`,`db_env`,`inst_type`,`proxy_status`,`proxy_server`,`market_id`,`creator`,`updater`,`create_date`,`last_update_date`) values (161,'rr-2ze8nqixl9wq6ei04.mysql.rds.aliyuncs.com','3306','','1','hft_ro','193B2B8470A7CDBBFD40ADC552BAC9F475F7B04B0021D1D59DF9E97006CCD599','0','会付通mysql生产环境[biz]-[slave]-[内网]','1','2','0','','002','DBA','DBA','2020-12-23 00:00:00','2020-12-23 00:00:00');
insert  into `t_db_source`(`id`,`ip`,`port`,`service`,`status`,`user`,`password`,`db_type`,`db_desc`,`db_env`,`inst_type`,`proxy_status`,`proxy_server`,`market_id`,`creator`,`updater`,`create_date`,`last_update_date`) values (162,'172.17.194.79','27016','admin','1','root','FBADE853A6E9566CE53E94B9059D14DF619F1D529F149807337C800BB3832638','6','合生通生产-mongo-maku-1[内网]','1','1','0','','000','DBA','DBA','2021-01-30 00:00:00','2021-01-30 00:00:00');
insert  into `t_db_source`(`id`,`ip`,`port`,`service`,`status`,`user`,`password`,`db_type`,`db_desc`,`db_env`,`inst_type`,`proxy_status`,`proxy_server`,`market_id`,`creator`,`updater`,`create_date`,`last_update_date`) values (163,'172.17.129.195','27017','admin','1','root','FBADE853A6E9566CE53E94B9059D14DF619F1D529F149807337C800BB3832638','6','合生通生产-mongo-maku-2[内网]','1','1','0','','000','DBA','DBA','2021-01-30 00:00:00','2021-01-30 00:00:00');
insert  into `t_db_source`(`id`,`ip`,`port`,`service`,`status`,`user`,`password`,`db_type`,`db_desc`,`db_env`,`inst_type`,`proxy_status`,`proxy_server`,`market_id`,`creator`,`updater`,`create_date`,`last_update_date`) values (164,'172.17.129.194','27018','admin','1','root','FBADE853A6E9566CE53E94B9059D14DF619F1D529F149807337C800BB3832638','6','合生通生产-mongo-maku-3[内网]','1','1','0','','000','DBA','DBA','2021-01-30 00:00:00','2021-01-30 00:00:00');
insert  into `t_db_source`(`id`,`ip`,`port`,`service`,`status`,`user`,`password`,`db_type`,`db_desc`,`db_env`,`inst_type`,`proxy_status`,`proxy_server`,`market_id`,`creator`,`updater`,`create_date`,`last_update_date`) values (165,'172.17.194.37','27016','admin','1','','','6','合生通生产-mongo-1[内网]','1','1','0','','000','DBA','DBA','2021-01-30 00:00:00','2021-01-30 00:00:00');
insert  into `t_db_source`(`id`,`ip`,`port`,`service`,`status`,`user`,`password`,`db_type`,`db_desc`,`db_env`,`inst_type`,`proxy_status`,`proxy_server`,`market_id`,`creator`,`updater`,`create_date`,`last_update_date`) values (166,'172.17.41.163','27016','admin','1','','','6','合生通生产-mongo-2[内网]','1','1','0','','000','DBA','DBA','2021-01-30 00:00:00','2021-01-30 00:00:00');
insert  into `t_db_source`(`id`,`ip`,`port`,`service`,`status`,`user`,`password`,`db_type`,`db_desc`,`db_env`,`inst_type`,`proxy_status`,`proxy_server`,`market_id`,`creator`,`updater`,`create_date`,`last_update_date`) values (167,'172.17.194.36','27016','admin','1','','','6','合生通生产-mongo-3[内网]','1','1','0','','000','DBA','DBA','2021-01-30 00:00:00','2021-01-30 00:00:00');
insert  into `t_db_source`(`id`,`ip`,`port`,`service`,`status`,`user`,`password`,`db_type`,`db_desc`,`db_env`,`inst_type`,`proxy_status`,`proxy_server`,`market_id`,`creator`,`updater`,`create_date`,`last_update_date`) values (168,'10.5.232.245','1433','tingcheeasydb','1','sa','FB7FEBC38982266A4FB75B3E5352B91D','2','广州增城mssql车流库','1','1','0','','237','DBA','DBA','2021-02-04 00:00:00','2021-02-04 00:00:00');
insert  into `t_db_source`(`id`,`ip`,`port`,`service`,`status`,`user`,`password`,`db_type`,`db_desc`,`db_env`,`inst_type`,`proxy_status`,`proxy_server`,`market_id`,`creator`,`updater`,`create_date`,`last_update_date`) values (170,'10.2.39.9','1433','','1','hopsonone','DF0B64157D477DEA52377DDF1B7D7FCD','2','合生通-mssql-开发环境','3','1','0','','000','DBA','DBA','2021-02-06 00:00:00','2021-02-06 00:00:00');
insert  into `t_db_source`(`id`,`ip`,`port`,`service`,`status`,`user`,`password`,`db_type`,`db_desc`,`db_env`,`inst_type`,`proxy_status`,`proxy_server`,`market_id`,`creator`,`updater`,`create_date`,`last_update_date`) values (171,'39.106.89.81','3306','','1','hopson_tong','89CEAB6DFB90174C3C9D3E70098C049F75E20EAA1A0E0515528A4CFD16FF7664','0','元知-mysql-生产-[外网]','1','2','0','','000','DBA','DBA','2021-03-01 00:00:00','2021-03-01 00:00:00');
insert  into `t_db_source`(`id`,`ip`,`port`,`service`,`status`,`user`,`password`,`db_type`,`db_desc`,`db_env`,`inst_type`,`proxy_status`,`proxy_server`,`market_id`,`creator`,`updater`,`create_date`,`last_update_date`) values (172,'172.26.29.87','1433','','1','sa','A01CA989B138EBAF02EA21CF84EE2D41','2','商管-合约系统-mssql生产库','1','1','0','','666','DBA','DBA','2021-03-03 00:00:00','2021-03-03 00:00:00');
insert  into `t_db_source`(`id`,`ip`,`port`,`service`,`status`,`user`,`password`,`db_type`,`db_desc`,`db_env`,`inst_type`,`proxy_status`,`proxy_server`,`market_id`,`creator`,`updater`,`create_date`,`last_update_date`) values (173,'172.26.29.88','1433','','1','mgr','DBCBDF80DEDECA48DFB885B3DE268D4E','2','商管-合约系统-mssql测试库','2','1','0','','666','DBA','DBA','2021-03-03 00:00:00','2021-03-03 00:00:00');
insert  into `t_db_source`(`id`,`ip`,`port`,`service`,`status`,`user`,`password`,`db_type`,`db_desc`,`db_env`,`inst_type`,`proxy_status`,`proxy_server`,`market_id`,`creator`,`updater`,`create_date`,`last_update_date`) values (174,'10.1.0.146','1521','','0','crefms','E396A22629BEC2DC912C0B1354677AC6','2','商管-预算系统-oracle生产库','1','1','0','','666','DBA','DBA','2021-03-03 00:00:00','2021-03-03 00:00:00');
insert  into `t_db_source`(`id`,`ip`,`port`,`service`,`status`,`user`,`password`,`db_type`,`db_desc`,`db_env`,`inst_type`,`proxy_status`,`proxy_server`,`market_id`,`creator`,`updater`,`create_date`,`last_update_date`) values (175,'172.26.29.65','1433','HS_TO_BI','1','admin','507DB8C06D8EDCA87B5C332204C829F4','2','商管-BI系统-mssql生产库[合生通]','1','1','0','','666','DBA','DBA','2021-03-08 00:00:00','2021-03-08 00:00:00');
insert  into `t_db_source`(`id`,`ip`,`port`,`service`,`status`,`user`,`password`,`db_type`,`db_desc`,`db_env`,`inst_type`,`proxy_status`,`proxy_server`,`market_id`,`creator`,`updater`,`create_date`,`last_update_date`) values (177,'172.26.29.81','1433','','1','sa','53A7935495B55BFBDEAF399EAC884F3F','2','德利多付-测试库','2','1','1','10.16.34.14:8888','666','DBA','DBA','2021-05-12 00:00:00','2021-05-12 00:00:00');
insert  into `t_db_source`(`id`,`ip`,`port`,`service`,`status`,`user`,`password`,`db_type`,`db_desc`,`db_env`,`inst_type`,`proxy_status`,`proxy_server`,`market_id`,`creator`,`updater`,`create_date`,`last_update_date`) values (178,'172.26.29.70','1433','TrendsMall_Hopson','1','Hst_Read','C0B66B9C6A53CC9B4B814AD803FC5738','2','德利多付-生产库','1','1','1','10.16.34.14:8888','666','DBA','DBA','2021-05-13 00:00:00','2021-05-13 00:00:00');
insert  into `t_db_source`(`id`,`ip`,`port`,`service`,`status`,`user`,`password`,`db_type`,`db_desc`,`db_env`,`inst_type`,`proxy_status`,`proxy_server`,`market_id`,`creator`,`updater`,`create_date`,`last_update_date`) values (179,'172.17.158.1','3306','','1','root','776AB1C0165E6619CDEFD888B9111B8F','0','合生通mysql生产环境-[biz]-[归档库]-[内网]','1','1','0','','000','DBA','DBA','2021-05-18 00:00:00','2021-05-18 00:00:00');
insert  into `t_db_source`(`id`,`ip`,`port`,`service`,`status`,`user`,`password`,`db_type`,`db_desc`,`db_env`,`inst_type`,`proxy_status`,`proxy_server`,`market_id`,`creator`,`updater`,`create_date`,`last_update_date`) values (180,'39.107.138.179','3306','','1','root','776AB1C0165E6619CDEFD888B9111B8F','0','合生通mysql生产环境-[biz]-[归档库]','1','1','0','','000','DBA','DBA','2021-05-18 00:00:00','2021-05-18 00:00:00');

/*Table structure for table `t_dmlx` */

CREATE TABLE `t_dmlx` (
  `dm` varchar(10) NOT NULL COMMENT '大类代码',
  `mc` varchar(100) DEFAULT NULL COMMENT '大类名称',
  `flag` varchar(1) DEFAULT NULL COMMENT '大类状态',
  `create_time` datetime DEFAULT NULL COMMENT '创建时间',
  `update_time` datetime DEFAULT NULL COMMENT '更新时间',
  PRIMARY KEY (`dm`),
  KEY `idx_t_dmlx` (`dm`)
) ENGINE=InnoDB DEFAULT CHARSET=utf8;

/*Data for the table `t_dmlx` */

insert  into `t_dmlx`(`dm`,`mc`,`flag`,`create_time`,`update_time`) values ('01','部门','1','2020-05-11 09:14:29','2020-05-14 15:28:20');
insert  into `t_dmlx`(`dm`,`mc`,`flag`,`create_time`,`update_time`) values ('02','数据源类型','1','2020-05-11 09:14:29','2020-05-11 09:14:29');
insert  into `t_dmlx`(`dm`,`mc`,`flag`,`create_time`,`update_time`) values ('03','数据库环境','1','2020-05-11 09:14:29','2020-05-11 09:14:29');
insert  into `t_dmlx`(`dm`,`mc`,`flag`,`create_time`,`update_time`) values ('04','性别','1','2020-05-11 09:14:29','2020-05-11 09:14:29');
insert  into `t_dmlx`(`dm`,`mc`,`flag`,`create_time`,`update_time`) values ('05','项目编码','1','2020-05-11 09:14:29','2020-05-11 09:14:29');
insert  into `t_dmlx`(`dm`,`mc`,`flag`,`create_time`,`update_time`) values ('06','服务器类型','1','2020-05-11 09:14:29','2020-05-11 09:14:29');
insert  into `t_dmlx`(`dm`,`mc`,`flag`,`create_time`,`update_time`) values ('07','数据库实例类型','1','2020-05-11 09:14:29','2020-05-11 09:14:29');
insert  into `t_dmlx`(`dm`,`mc`,`flag`,`create_time`,`update_time`) values ('08','同步业务类型','1','2020-05-11 09:14:29','2020-05-11 09:14:29');
insert  into `t_dmlx`(`dm`,`mc`,`flag`,`create_time`,`update_time`) values ('09','同步数据类型','1','2020-05-11 09:14:29','2020-05-11 09:14:29');
insert  into `t_dmlx`(`dm`,`mc`,`flag`,`create_time`,`update_time`) values ('10','同步时间类型','1','2020-05-11 09:14:29','2020-05-11 09:14:29');
insert  into `t_dmlx`(`dm`,`mc`,`flag`,`create_time`,`update_time`) values ('11','数据源类型','1','2020-05-11 09:14:29','2020-05-11 09:14:29');
insert  into `t_dmlx`(`dm`,`mc`,`flag`,`create_time`,`update_time`) values ('12','版本号','1','2020-05-11 09:14:29','2020-05-11 09:14:29');
insert  into `t_dmlx`(`dm`,`mc`,`flag`,`create_time`,`update_time`) values ('13','工单类型','1','2020-05-11 09:14:29','2020-05-11 09:14:29');
insert  into `t_dmlx`(`dm`,`mc`,`flag`,`create_time`,`update_time`) values ('14','测试大类','1','2020-05-11 09:14:29','2020-05-11 09:14:29');
insert  into `t_dmlx`(`dm`,`mc`,`flag`,`create_time`,`update_time`) values ('15','zookeeper地址','1','2020-05-11 09:14:29','2020-05-11 09:14:29');
insert  into `t_dmlx`(`dm`,`mc`,`flag`,`create_time`,`update_time`) values ('16','hbase thrift接口地址','1','2020-05-11 09:14:29','2020-05-11 09:14:29');
insert  into `t_dmlx`(`dm`,`mc`,`flag`,`create_time`,`update_time`) values ('17','工单类型','1','2020-05-11 09:14:29','2020-05-11 09:14:29');
insert  into `t_dmlx`(`dm`,`mc`,`flag`,`create_time`,`update_time`) values ('18','项目组','1','2020-05-11 09:14:29','2020-05-11 09:14:29');
insert  into `t_dmlx`(`dm`,`mc`,`flag`,`create_time`,`update_time`) values ('19','工单状态','1','2020-05-11 09:14:29','2020-05-11 09:14:29');
insert  into `t_dmlx`(`dm`,`mc`,`flag`,`create_time`,`update_time`) values ('20','归档时间类型','1','2020-05-11 09:14:29','2020-05-11 09:14:29');
insert  into `t_dmlx`(`dm`,`mc`,`flag`,`create_time`,`update_time`) values ('21','归档策略','1','2020-05-11 09:14:29','2020-05-11 09:14:29');
insert  into `t_dmlx`(`dm`,`mc`,`flag`,`create_time`,`update_time`) values ('22','迁移策略','1','2020-05-11 09:14:29','2020-05-11 09:14:29');
insert  into `t_dmlx`(`dm`,`mc`,`flag`,`create_time`,`update_time`) values ('23','指标类型','1','2020-05-11 09:14:29','2020-05-11 09:14:29');
insert  into `t_dmlx`(`dm`,`mc`,`flag`,`create_time`,`update_time`) values ('24','阀值类型','1','2020-05-11 09:14:29','2020-05-11 09:14:29');
insert  into `t_dmlx`(`dm`,`mc`,`flag`,`create_time`,`update_time`) values ('25','数据库用户状态','1','2020-05-11 09:14:29','2020-05-11 09:14:29');
insert  into `t_dmlx`(`dm`,`mc`,`flag`,`create_time`,`update_time`) values ('26','数据源代理','1','2020-07-28 17:09:43','2020-07-28 17:09:43');
insert  into `t_dmlx`(`dm`,`mc`,`flag`,`create_time`,`update_time`) values ('27','mysql版本','1','2020-07-29 13:58:41','2020-07-29 13:58:41');
insert  into `t_dmlx`(`dm`,`mc`,`flag`,`create_time`,`update_time`) values ('28','数据库实例sql状态','1','2020-07-30 17:20:10','2020-07-30 17:20:10');
insert  into `t_dmlx`(`dm`,`mc`,`flag`,`create_time`,`update_time`) values ('29','数据库-控制台-SQL状态','1','2020-08-05 17:34:20','2020-08-05 17:34:20');
insert  into `t_dmlx`(`dm`,`mc`,`flag`,`create_time`,`update_time`) values ('30','mysql5.6配置文件','1','2020-08-06 14:32:50','2020-08-06 14:32:50');
insert  into `t_dmlx`(`dm`,`mc`,`flag`,`create_time`,`update_time`) values ('31','mysql5.6权限列表','1','2020-08-06 14:32:50','2020-08-06 14:32:50');
insert  into `t_dmlx`(`dm`,`mc`,`flag`,`create_time`,`update_time`) values ('32','mysql实例状态','1','2020-08-17 18:05:36','2020-08-17 18:05:38');
insert  into `t_dmlx`(`dm`,`mc`,`flag`,`create_time`,`update_time`) values ('33','mysql下载目录','1','2020-08-19 17:38:31','2020-08-19 17:38:31');
insert  into `t_dmlx`(`dm`,`mc`,`flag`,`create_time`,`update_time`) values ('34','MinIO同步类型','1','2020-09-21 11:07:03','2020-09-21 11:07:03');
insert  into `t_dmlx`(`dm`,`mc`,`flag`,`create_time`,`update_time`) values ('35','端口映射类型','1','2020-11-13 11:31:56','2020-11-13 11:31:56');
insert  into `t_dmlx`(`dm`,`mc`,`flag`,`create_time`,`update_time`) values ('36','数据库代理本地端口','1','2020-11-21 13:37:43','2020-11-21 13:37:45');
insert  into `t_dmlx`(`dm`,`mc`,`flag`,`create_time`,`update_time`) values ('37','慢日志采集方式','1','2021-02-19 16:41:52','2021-02-19 16:41:54');
insert  into `t_dmlx`(`dm`,`mc`,`flag`,`create_time`,`update_time`) values ('38','实例类型','1','2021-04-16 15:54:35','2021-04-16 15:54:37');
insert  into `t_dmlx`(`dm`,`mc`,`flag`,`create_time`,`update_time`) values ('39','服务器认证方式','1','2021-04-16 15:54:35','2021-04-16 15:54:35');
insert  into `t_dmlx`(`dm`,`mc`,`flag`,`create_time`,`update_time`) values ('40','操作系统类型','1','2021-04-16 15:54:35','2021-05-21 15:11:06');

/*Table structure for table `t_dmmx` */

CREATE TABLE `t_dmmx` (
  `dm` varchar(10) NOT NULL DEFAULT '' COMMENT '代码大类',
  `dmm` varchar(200) NOT NULL DEFAULT '' COMMENT '代码小类',
  `dmmc` varchar(100) DEFAULT NULL COMMENT '小类名称',
  `flag` varchar(1) DEFAULT NULL COMMENT '小类状态',
  `create_time` datetime DEFAULT NULL COMMENT '创建时间',
  `update_time` datetime DEFAULT NULL COMMENT '更新时间',
  PRIMARY KEY (`dm`,`dmm`),
  KEY `idx_t_dmmx` (`dm`,`dmm`)
) ENGINE=InnoDB DEFAULT CHARSET=utf8;

/*Data for the table `t_dmmx` */

insert  into `t_dmmx`(`dm`,`dmm`,`dmmc`,`flag`,`create_time`,`update_time`) values ('01','01','研发部','1','2020-05-11 09:15:35','2020-05-11 09:15:35');
insert  into `t_dmmx`(`dm`,`dmm`,`dmmc`,`flag`,`create_time`,`update_time`) values ('01','02','测试部','1','2020-05-11 09:15:35','2020-05-11 09:15:35');
insert  into `t_dmmx`(`dm`,`dmm`,`dmmc`,`flag`,`create_time`,`update_time`) values ('01','03','项目部','1','2020-05-11 09:15:35','2020-05-11 09:15:35');
insert  into `t_dmmx`(`dm`,`dmm`,`dmmc`,`flag`,`create_time`,`update_time`) values ('01','04','人力部','1','2020-05-11 09:15:35','2020-05-11 09:15:35');
insert  into `t_dmmx`(`dm`,`dmm`,`dmmc`,`flag`,`create_time`,`update_time`) values ('01','05','行政部','1','2020-05-11 09:15:35','2020-05-11 09:15:35');
insert  into `t_dmmx`(`dm`,`dmm`,`dmmc`,`flag`,`create_time`,`update_time`) values ('01','06','平台组','1','2020-05-11 09:15:35','2020-05-11 09:15:35');
insert  into `t_dmmx`(`dm`,`dmm`,`dmmc`,`flag`,`create_time`,`update_time`) values ('01','07','实施组','1','2020-05-11 09:15:35','2020-05-11 09:15:35');
insert  into `t_dmmx`(`dm`,`dmm`,`dmmc`,`flag`,`create_time`,`update_time`) values ('02','0','mysql','1','2020-05-11 09:15:35','2020-05-11 09:15:35');
insert  into `t_dmmx`(`dm`,`dmm`,`dmmc`,`flag`,`create_time`,`update_time`) values ('02','1','oracle','1','2020-05-11 09:15:35','2020-05-11 09:15:35');
insert  into `t_dmmx`(`dm`,`dmm`,`dmmc`,`flag`,`create_time`,`update_time`) values ('02','2','mssql','1','2020-05-11 09:15:35','2020-05-11 09:15:35');
insert  into `t_dmmx`(`dm`,`dmm`,`dmmc`,`flag`,`create_time`,`update_time`) values ('02','3','postgresql','1','2020-05-11 09:15:35','2020-05-11 09:15:35');
insert  into `t_dmmx`(`dm`,`dmm`,`dmmc`,`flag`,`create_time`,`update_time`) values ('02','4','elasticsearch','1','2020-05-11 09:15:35','2020-05-11 09:15:35');
insert  into `t_dmmx`(`dm`,`dmm`,`dmmc`,`flag`,`create_time`,`update_time`) values ('02','5','redis','1','2020-05-11 09:15:35','2020-05-11 09:15:35');
insert  into `t_dmmx`(`dm`,`dmm`,`dmmc`,`flag`,`create_time`,`update_time`) values ('02','6','mongodb','1','2020-05-11 09:15:35','2020-05-11 09:15:35');
insert  into `t_dmmx`(`dm`,`dmm`,`dmmc`,`flag`,`create_time`,`update_time`) values ('02','7','mysql-pxc','1','2020-10-29 08:54:58','2020-10-29 08:55:01');
insert  into `t_dmmx`(`dm`,`dmm`,`dmmc`,`flag`,`create_time`,`update_time`) values ('03','1','生产环境','1','2020-05-11 09:15:35','2020-05-11 09:15:35');
insert  into `t_dmmx`(`dm`,`dmm`,`dmmc`,`flag`,`create_time`,`update_time`) values ('03','2','测试环境','1','2020-05-11 09:15:35','2020-05-11 09:15:35');
insert  into `t_dmmx`(`dm`,`dmm`,`dmmc`,`flag`,`create_time`,`update_time`) values ('03','3','开发环境','1','2020-05-11 09:15:35','2020-05-11 09:15:35');
insert  into `t_dmmx`(`dm`,`dmm`,`dmmc`,`flag`,`create_time`,`update_time`) values ('03','4','预生产环境','1','2020-05-11 09:15:35','2020-05-11 09:15:35');
insert  into `t_dmmx`(`dm`,`dmm`,`dmmc`,`flag`,`create_time`,`update_time`) values ('03','5','大数据环境','1','2020-05-11 09:15:35','2020-05-11 09:15:35');
insert  into `t_dmmx`(`dm`,`dmm`,`dmmc`,`flag`,`create_time`,`update_time`) values ('03','6','平台组环境','1','2020-05-11 09:15:35','2020-05-11 09:15:35');
insert  into `t_dmmx`(`dm`,`dmm`,`dmmc`,`flag`,`create_time`,`update_time`) values ('03','7','克隆环境','1','2020-11-18 10:03:22','2020-11-18 10:03:24');
insert  into `t_dmmx`(`dm`,`dmm`,`dmmc`,`flag`,`create_time`,`update_time`) values ('04','1','男','1','2020-05-11 09:15:35','2020-05-11 09:15:35');
insert  into `t_dmmx`(`dm`,`dmm`,`dmmc`,`flag`,`create_time`,`update_time`) values ('04','2','女','1','2020-05-11 09:15:35','2020-05-11 09:15:35');
insert  into `t_dmmx`(`dm`,`dmm`,`dmmc`,`flag`,`create_time`,`update_time`) values ('05','000','合生通项目','2','2020-05-11 09:15:35','2020-05-11 09:15:35');
insert  into `t_dmmx`(`dm`,`dmm`,`dmmc`,`flag`,`create_time`,`update_time`) values ('05','001','好房项目','2','2020-05-11 09:15:35','2020-05-11 09:15:35');
insert  into `t_dmmx`(`dm`,`dmm`,`dmmc`,`flag`,`create_time`,`update_time`) values ('05','002','会付通项目','2','2020-05-11 09:15:35','2020-05-11 09:15:35');
insert  into `t_dmmx`(`dm`,`dmm`,`dmmc`,`flag`,`create_time`,`update_time`) values ('05','003','平台组项目','2','2020-05-15 11:27:57','2020-05-15 11:27:57');
insert  into `t_dmmx`(`dm`,`dmm`,`dmmc`,`flag`,`create_time`,`update_time`) values ('05','10230','西安时代广场	','1','2020-05-11 09:15:35','2020-05-11 09:15:35');
insert  into `t_dmmx`(`dm`,`dmm`,`dmmc`,`flag`,`create_time`,`update_time`) values ('05','108','成都珠江广场','1','2020-05-11 09:15:35','2020-05-11 09:15:35');
insert  into `t_dmmx`(`dm`,`dmm`,`dmmc`,`flag`,`create_time`,`update_time`) values ('05','110','上海五角场','1','2020-05-11 09:15:35','2020-05-11 09:15:35');
insert  into `t_dmmx`(`dm`,`dmm`,`dmmc`,`flag`,`create_time`,`update_time`) values ('05','132','广州嘉和南项目','1','2020-05-11 09:15:35','2020-05-11 09:15:35');
insert  into `t_dmmx`(`dm`,`dmm`,`dmmc`,`flag`,`create_time`,`update_time`) values ('05','141','北京合生财富广场','1','2020-05-11 09:15:35','2020-05-11 09:15:35');
insert  into `t_dmmx`(`dm`,`dmm`,`dmmc`,`flag`,`create_time`,`update_time`) values ('05','145','广州珠江投资大厦','1','2020-05-11 09:15:35','2020-05-11 09:15:35');
insert  into `t_dmmx`(`dm`,`dmm`,`dmmc`,`flag`,`create_time`,`update_time`) values ('05','150','广州合生骏景广场','1','2020-05-11 09:15:35','2020-05-11 09:15:35');
insert  into `t_dmmx`(`dm`,`dmm`,`dmmc`,`flag`,`create_time`,`update_time`) values ('05','159','上海静安珠江创意中心','1','2020-06-15 14:37:18','2020-06-15 14:37:18');
insert  into `t_dmmx`(`dm`,`dmm`,`dmmc`,`flag`,`create_time`,`update_time`) values ('05','164','北京合生广场(木樨园)','1','2020-05-11 09:15:35','2020-05-11 09:15:35');
insert  into `t_dmmx`(`dm`,`dmm`,`dmmc`,`flag`,`create_time`,`update_time`) values ('05','170','广州嘉和北项目','1','2020-05-11 09:15:35','2020-05-11 09:15:35');
insert  into `t_dmmx`(`dm`,`dmm`,`dmmc`,`flag`,`create_time`,`update_time`) values ('05','183','上海海云天合生财富广场','1','2020-05-11 09:15:35','2020-05-11 09:15:35');
insert  into `t_dmmx`(`dm`,`dmm`,`dmmc`,`flag`,`create_time`,`update_time`) values ('05','188','广州越华珠江国际大厦','1','2020-05-11 09:15:35','2020-05-11 09:15:35');
insert  into `t_dmmx`(`dm`,`dmm`,`dmmc`,`flag`,`create_time`,`update_time`) values ('05','194','广州南方花园	','1','2020-05-11 09:15:35','2020-05-11 09:15:35');
insert  into `t_dmmx`(`dm`,`dmm`,`dmmc`,`flag`,`create_time`,`update_time`) values ('05','20229','广州珠江国际纺织城	','1','2020-05-11 09:15:35','2020-05-11 09:15:35');
insert  into `t_dmmx`(`dm`,`dmm`,`dmmc`,`flag`,`create_time`,`update_time`) values ('05','203','杭州科华合生国贸中心','1','2020-05-11 09:15:35','2020-05-11 09:15:35');
insert  into `t_dmmx`(`dm`,`dmm`,`dmmc`,`flag`,`create_time`,`update_time`) values ('05','207','北京德胜财富广场','1','2020-05-11 09:15:35','2020-05-11 09:15:35');
insert  into `t_dmmx`(`dm`,`dmm`,`dmmc`,`flag`,`create_time`,`update_time`) values ('05','213','合生新天地','1','2020-05-11 09:15:35','2020-05-11 09:15:35');
insert  into `t_dmmx`(`dm`,`dmm`,`dmmc`,`flag`,`create_time`,`update_time`) values ('05','218','北京朝阳合生汇','1','2020-05-11 09:15:35','2020-05-11 09:15:35');
insert  into `t_dmmx`(`dm`,`dmm`,`dmmc`,`flag`,`create_time`,`update_time`) values ('05','234','上海青浦米格	','1','2020-05-11 09:15:35','2020-05-11 09:15:35');
insert  into `t_dmmx`(`dm`,`dmm`,`dmmc`,`flag`,`create_time`,`update_time`) values ('05','237','广州增城合生汇','1','2020-05-11 09:15:35','2020-05-11 09:15:35');
insert  into `t_dmmx`(`dm`,`dmm`,`dmmc`,`flag`,`create_time`,`update_time`) values ('05','246','天津合生国际大厦','1','2020-09-07 10:22:54','2020-09-07 10:22:54');
insert  into `t_dmmx`(`dm`,`dmm`,`dmmc`,`flag`,`create_time`,`update_time`) values ('05','249','上海茶岸园同步服务器','1','2020-06-01 16:19:40','2020-06-01 16:19:42');
insert  into `t_dmmx`(`dm`,`dmm`,`dmmc`,`flag`,`create_time`,`update_time`) values ('05','666','商管项目','2','2020-12-17 16:28:54','2020-12-17 16:28:56');
insert  into `t_dmmx`(`dm`,`dmm`,`dmmc`,`flag`,`create_time`,`update_time`) values ('05','777','集团项目','2','2020-05-11 09:15:35','2020-05-11 09:15:35');
insert  into `t_dmmx`(`dm`,`dmm`,`dmmc`,`flag`,`create_time`,`update_time`) values ('05','888','德利多富租赁系统','2','2020-05-11 09:15:35','2020-05-11 09:15:35');
insert  into `t_dmmx`(`dm`,`dmm`,`dmmc`,`flag`,`create_time`,`update_time`) values ('05','992','合生通内网备份服务器','2',NULL,NULL);
insert  into `t_dmmx`(`dm`,`dmm`,`dmmc`,`flag`,`create_time`,`update_time`) values ('05','994','合生通业务库同步服务器','2',NULL,NULL);
insert  into `t_dmmx`(`dm`,`dmm`,`dmmc`,`flag`,`create_time`,`update_time`) values ('05','995','合生通内网同步服务器','2',NULL,NULL);
insert  into `t_dmmx`(`dm`,`dmm`,`dmmc`,`flag`,`create_time`,`update_time`) values ('05','999','阿里云同步中转服务器','2','2020-05-11 09:15:35','2020-05-11 09:15:35');
insert  into `t_dmmx`(`dm`,`dmm`,`dmmc`,`flag`,`create_time`,`update_time`) values ('06','1','备份服务器','1','2020-05-11 09:15:35','2020-05-11 09:15:35');
insert  into `t_dmmx`(`dm`,`dmm`,`dmmc`,`flag`,`create_time`,`update_time`) values ('06','2','同步服务器','1','2020-05-11 09:15:35','2020-05-11 09:15:35');
insert  into `t_dmmx`(`dm`,`dmm`,`dmmc`,`flag`,`create_time`,`update_time`) values ('06','3','数据库服务器','1','2020-05-11 09:15:35','2020-05-11 09:15:35');
insert  into `t_dmmx`(`dm`,`dmm`,`dmmc`,`flag`,`create_time`,`update_time`) values ('06','4','应用服务器','1','2020-07-16 15:14:18','2020-07-16 15:14:18');
insert  into `t_dmmx`(`dm`,`dmm`,`dmmc`,`flag`,`create_time`,`update_time`) values ('07','1','ECS','1','2020-05-11 09:15:35','2020-05-11 09:15:35');
insert  into `t_dmmx`(`dm`,`dmm`,`dmmc`,`flag`,`create_time`,`update_time`) values ('07','2','RDS','1','2020-05-11 09:15:35','2020-05-11 09:15:35');
insert  into `t_dmmx`(`dm`,`dmm`,`dmmc`,`flag`,`create_time`,`update_time`) values ('08','1','离线客流','1','2020-05-11 09:15:35','2020-05-11 09:15:35');
insert  into `t_dmmx`(`dm`,`dmm`,`dmmc`,`flag`,`create_time`,`update_time`) values ('08','10','CMS数据','1','2020-05-11 09:15:35','2020-05-11 09:15:35');
insert  into `t_dmmx`(`dm`,`dmm`,`dmmc`,`flag`,`create_time`,`update_time`) values ('08','11','商户数据','1','2020-05-11 09:15:35','2020-05-11 09:15:35');
insert  into `t_dmmx`(`dm`,`dmm`,`dmmc`,`flag`,`create_time`,`update_time`) values ('08','12','卡券数据','1','2020-05-11 09:15:35','2020-05-11 09:15:35');
insert  into `t_dmmx`(`dm`,`dmm`,`dmmc`,`flag`,`create_time`,`update_time`) values ('08','13','订单数据','1','2020-05-11 09:15:35','2020-05-11 09:15:35');
insert  into `t_dmmx`(`dm`,`dmm`,`dmmc`,`flag`,`create_time`,`update_time`) values ('08','14','水单数据','1','2020-05-11 09:15:35','2020-05-11 09:15:35');
insert  into `t_dmmx`(`dm`,`dmm`,`dmmc`,`flag`,`create_time`,`update_time`) values ('08','15','好房业务','1','2020-05-11 09:15:35','2020-05-11 09:15:35');
insert  into `t_dmmx`(`dm`,`dmm`,`dmmc`,`flag`,`create_time`,`update_time`) values ('08','16','dataX同步','1','2020-05-11 09:15:35','2020-05-11 09:15:35');
insert  into `t_dmmx`(`dm`,`dmm`,`dmmc`,`flag`,`create_time`,`update_time`) values ('08','17','店铺商户关系','1','2020-05-11 09:15:35','2020-05-11 09:15:35');
insert  into `t_dmmx`(`dm`,`dmm`,`dmmc`,`flag`,`create_time`,`update_time`) values ('08','18','BI统计','1','2020-05-11 09:15:35','2020-05-11 09:15:35');
insert  into `t_dmmx`(`dm`,`dmm`,`dmmc`,`flag`,`create_time`,`update_time`) values ('08','19','收费员收费口','1','2020-05-11 09:15:35','2020-05-11 09:15:35');
insert  into `t_dmmx`(`dm`,`dmm`,`dmmc`,`flag`,`create_time`,`update_time`) values ('08','2','实时客流','1','2020-05-11 09:15:35','2020-05-11 09:15:35');
insert  into `t_dmmx`(`dm`,`dmm`,`dmmc`,`flag`,`create_time`,`update_time`) values ('08','3','离线车流','1','2020-05-11 09:15:35','2020-05-11 09:15:35');
insert  into `t_dmmx`(`dm`,`dmm`,`dmmc`,`flag`,`create_time`,`update_time`) values ('08','4','实时车流','1','2020-05-11 09:15:35','2020-05-11 09:15:35');
insert  into `t_dmmx`(`dm`,`dmm`,`dmmc`,`flag`,`create_time`,`update_time`) values ('08','5','客流设备','1','2020-05-11 09:15:35','2020-05-11 09:15:35');
insert  into `t_dmmx`(`dm`,`dmm`,`dmmc`,`flag`,`create_time`,`update_time`) values ('08','6','反向寻车','1','2020-05-11 09:15:35','2020-05-11 09:15:35');
insert  into `t_dmmx`(`dm`,`dmm`,`dmmc`,`flag`,`create_time`,`update_time`) values ('08','7','收费员结算','1','2020-05-11 09:15:35','2020-05-11 09:15:35');
insert  into `t_dmmx`(`dm`,`dmm`,`dmmc`,`flag`,`create_time`,`update_time`) values ('08','8','业绩上报','1','2020-05-11 09:15:35','2020-05-11 09:15:35');
insert  into `t_dmmx`(`dm`,`dmm`,`dmmc`,`flag`,`create_time`,`update_time`) values ('08','9','会员数据','1','2020-05-11 09:15:35','2020-05-11 09:15:35');
insert  into `t_dmmx`(`dm`,`dmm`,`dmmc`,`flag`,`create_time`,`update_time`) values ('09','1','mssql->mysql','1','2020-05-11 09:15:35','2020-05-11 09:15:35');
insert  into `t_dmmx`(`dm`,`dmm`,`dmmc`,`flag`,`create_time`,`update_time`) values ('09','2','mysql->mysql','1','2020-05-11 09:15:35','2020-05-11 09:15:35');
insert  into `t_dmmx`(`dm`,`dmm`,`dmmc`,`flag`,`create_time`,`update_time`) values ('09','3','mssql->mssql','1','2020-05-11 09:15:35','2020-05-11 09:15:35');
insert  into `t_dmmx`(`dm`,`dmm`,`dmmc`,`flag`,`create_time`,`update_time`) values ('09','4','mongo->mongo','1','2020-05-11 09:15:35','2020-05-11 09:15:35');
insert  into `t_dmmx`(`dm`,`dmm`,`dmmc`,`flag`,`create_time`,`update_time`) values ('09','5','mysql->hbase','1','2020-05-11 09:15:35','2020-05-11 09:15:35');
insert  into `t_dmmx`(`dm`,`dmm`,`dmmc`,`flag`,`create_time`,`update_time`) values ('09','6','mysql->elasticsearch','1','2020-10-26 14:50:49','2020-10-26 14:50:52');
insert  into `t_dmmx`(`dm`,`dmm`,`dmmc`,`flag`,`create_time`,`update_time`) values ('10','day','天','1','2020-05-11 09:15:35','2020-05-11 09:15:35');
insert  into `t_dmmx`(`dm`,`dmm`,`dmmc`,`flag`,`create_time`,`update_time`) values ('10','hour','小时','1','2020-05-11 09:15:35','2020-05-11 09:15:35');
insert  into `t_dmmx`(`dm`,`dmm`,`dmmc`,`flag`,`create_time`,`update_time`) values ('10','min','分','1','2020-05-11 09:15:35','2020-05-11 09:15:35');
insert  into `t_dmmx`(`dm`,`dmm`,`dmmc`,`flag`,`create_time`,`update_time`) values ('11','1','备份数据源','1','2020-05-11 09:15:35','2020-05-11 09:15:35');
insert  into `t_dmmx`(`dm`,`dmm`,`dmmc`,`flag`,`create_time`,`update_time`) values ('11','2','同步数据源','1','2020-05-11 09:15:35','2020-05-11 09:15:35');
insert  into `t_dmmx`(`dm`,`dmm`,`dmmc`,`flag`,`create_time`,`update_time`) values ('12','1','V3.7.5','1','2020-05-11 09:15:35','2020-05-11 09:15:35');
insert  into `t_dmmx`(`dm`,`dmm`,`dmmc`,`flag`,`create_time`,`update_time`) values ('12','2','V3.7.6','1','2020-05-11 09:15:35','2020-05-11 09:15:35');
insert  into `t_dmmx`(`dm`,`dmm`,`dmmc`,`flag`,`create_time`,`update_time`) values ('13','1','DDL工单','1','2020-05-11 09:15:35','2020-05-11 09:15:35');
insert  into `t_dmmx`(`dm`,`dmm`,`dmmc`,`flag`,`create_time`,`update_time`) values ('13','2','DML工单','1','2020-05-11 09:15:35','2020-05-11 09:15:35');
insert  into `t_dmmx`(`dm`,`dmm`,`dmmc`,`flag`,`create_time`,`update_time`) values ('13','3','DCL工单','1','2020-05-11 09:15:35','2020-05-11 09:15:35');
insert  into `t_dmmx`(`dm`,`dmm`,`dmmc`,`flag`,`create_time`,`update_time`) values ('13','4','存储过程','1','2020-05-11 09:15:35','2020-05-11 09:15:35');
insert  into `t_dmmx`(`dm`,`dmm`,`dmmc`,`flag`,`create_time`,`update_time`) values ('15','10.2.39.165:2181,10.2.39.166:2181,10.2.39.182:2181','大数据开发zookeeper地址','1','2020-05-11 09:15:35','2020-05-11 09:15:35');
insert  into `t_dmmx`(`dm`,`dmm`,`dmmc`,`flag`,`create_time`,`update_time`) values ('15','10.2.39.84:2181,10.2.39.89:2181,10.2.39.67:2181','大数据测试zookeeper地址','1','2020-05-11 09:15:35','2020-05-11 09:15:35');
insert  into `t_dmmx`(`dm`,`dmm`,`dmmc`,`flag`,`create_time`,`update_time`) values ('15','192.168.100.63:2181,192.168.100.64:2181,192.168.100.69:2181','大数据生产zookeeper地址','1','2020-05-11 09:15:35','2020-05-11 09:15:35');
insert  into `t_dmmx`(`dm`,`dmm`,`dmmc`,`flag`,`create_time`,`update_time`) values ('16','10.2.39.165:9090','大数据开发thrift接口地址','1','2020-05-11 09:15:35','2020-05-11 09:15:35');
insert  into `t_dmmx`(`dm`,`dmm`,`dmmc`,`flag`,`create_time`,`update_time`) values ('16','10.2.39.84:9090','大数据测试thrift接口地址','1','2020-05-11 09:15:35','2020-05-11 09:15:35');
insert  into `t_dmmx`(`dm`,`dmm`,`dmmc`,`flag`,`create_time`,`update_time`) values ('16','192.168.100.63:9090','大数据生产thrift接口地址','1','2020-05-11 09:15:35','2020-05-11 09:15:35');
insert  into `t_dmmx`(`dm`,`dmm`,`dmmc`,`flag`,`create_time`,`update_time`) values ('17','1','数据传输','1','2020-05-11 09:15:35','2020-05-11 09:15:35');
insert  into `t_dmmx`(`dm`,`dmm`,`dmmc`,`flag`,`create_time`,`update_time`) values ('17','2','数据同步','1','2020-05-11 09:15:35','2020-05-11 09:15:35');
insert  into `t_dmmx`(`dm`,`dmm`,`dmmc`,`flag`,`create_time`,`update_time`) values ('17','3','账号权限','1','2020-05-11 09:15:35','2020-05-11 09:15:35');
insert  into `t_dmmx`(`dm`,`dmm`,`dmmc`,`flag`,`create_time`,`update_time`) values ('17','4','数据迁移','1','2020-05-11 09:15:35','2020-05-11 09:15:35');
insert  into `t_dmmx`(`dm`,`dmm`,`dmmc`,`flag`,`create_time`,`update_time`) values ('17','5','主从同步','1','2020-05-11 09:15:35','2020-05-11 09:15:35');
insert  into `t_dmmx`(`dm`,`dmm`,`dmmc`,`flag`,`create_time`,`update_time`) values ('17','6','数据备份','1','2020-05-11 09:15:35','2020-05-11 09:15:35');
insert  into `t_dmmx`(`dm`,`dmm`,`dmmc`,`flag`,`create_time`,`update_time`) values ('17','7','查询支持  ','1','2020-05-11 09:15:35','2020-05-11 09:15:35');
insert  into `t_dmmx`(`dm`,`dmm`,`dmmc`,`flag`,`create_time`,`update_time`) values ('17','8','查询优化','1','2020-05-11 09:15:35','2020-05-11 09:15:35');
insert  into `t_dmmx`(`dm`,`dmm`,`dmmc`,`flag`,`create_time`,`update_time`) values ('17','9','其它类型','1','2020-05-11 09:15:35','2020-05-11 09:15:35');
insert  into `t_dmmx`(`dm`,`dmm`,`dmmc`,`flag`,`create_time`,`update_time`) values ('18','1','合生通','1','2020-05-11 09:15:35','2020-05-11 09:15:35');
insert  into `t_dmmx`(`dm`,`dmm`,`dmmc`,`flag`,`create_time`,`update_time`) values ('18','2','好房','1','2020-05-11 09:15:35','2020-05-11 09:15:35');
insert  into `t_dmmx`(`dm`,`dmm`,`dmmc`,`flag`,`create_time`,`update_time`) values ('18','3','好生活','1','2020-05-11 09:15:35','2020-05-11 09:15:35');
insert  into `t_dmmx`(`dm`,`dmm`,`dmmc`,`flag`,`create_time`,`update_time`) values ('19','1','已新增','1','2020-05-11 09:15:35','2020-05-11 09:15:35');
insert  into `t_dmmx`(`dm`,`dmm`,`dmmc`,`flag`,`create_time`,`update_time`) values ('19','2','已发布','1','2020-05-11 09:15:35','2020-05-11 09:15:35');
insert  into `t_dmmx`(`dm`,`dmm`,`dmmc`,`flag`,`create_time`,`update_time`) values ('19','3','处理中','1','2020-05-11 09:15:35','2020-05-11 09:15:35');
insert  into `t_dmmx`(`dm`,`dmm`,`dmmc`,`flag`,`create_time`,`update_time`) values ('19','4','已完成','1','2020-05-11 09:15:35','2020-05-11 09:15:35');
insert  into `t_dmmx`(`dm`,`dmm`,`dmmc`,`flag`,`create_time`,`update_time`) values ('19','5','已驳回','1','2020-05-11 09:15:35','2020-05-11 09:15:35');
insert  into `t_dmmx`(`dm`,`dmm`,`dmmc`,`flag`,`create_time`,`update_time`) values ('19','6','已转派','1','2020-05-11 09:15:35','2020-05-11 09:15:35');
insert  into `t_dmmx`(`dm`,`dmm`,`dmmc`,`flag`,`create_time`,`update_time`) values ('19','7','已撤销','1','2020-05-11 09:15:35','2020-05-11 09:15:35');
insert  into `t_dmmx`(`dm`,`dmm`,`dmmc`,`flag`,`create_time`,`update_time`) values ('19','8','已关闭','1','2020-05-11 09:15:35','2020-05-11 09:15:35');
insert  into `t_dmmx`(`dm`,`dmm`,`dmmc`,`flag`,`create_time`,`update_time`) values ('20','1','hour','1','2020-05-11 09:15:35','2020-05-11 09:15:35');
insert  into `t_dmmx`(`dm`,`dmm`,`dmmc`,`flag`,`create_time`,`update_time`) values ('20','2','day','1','2020-05-11 09:15:35','2020-05-11 09:15:35');
insert  into `t_dmmx`(`dm`,`dmm`,`dmmc`,`flag`,`create_time`,`update_time`) values ('20','3','month','1','2020-05-11 09:15:35','2020-05-11 09:15:35');
insert  into `t_dmmx`(`dm`,`dmm`,`dmmc`,`flag`,`create_time`,`update_time`) values ('21','1','删除','1','2020-05-11 09:15:35','2020-05-11 09:15:35');
insert  into `t_dmmx`(`dm`,`dmm`,`dmmc`,`flag`,`create_time`,`update_time`) values ('21','2','迁移','1','2020-05-11 09:15:35','2020-05-11 09:15:35');
insert  into `t_dmmx`(`dm`,`dmm`,`dmmc`,`flag`,`create_time`,`update_time`) values ('22','1','周期','1','2020-05-11 09:15:35','2020-05-11 09:15:35');
insert  into `t_dmmx`(`dm`,`dmm`,`dmmc`,`flag`,`create_time`,`update_time`) values ('22','2','范围','1','2020-05-11 09:15:35','2020-05-11 09:15:35');
insert  into `t_dmmx`(`dm`,`dmm`,`dmmc`,`flag`,`create_time`,`update_time`) values ('23','1','服务器','1','2020-05-11 09:15:35','2020-05-11 09:15:35');
insert  into `t_dmmx`(`dm`,`dmm`,`dmmc`,`flag`,`create_time`,`update_time`) values ('23','2','数据库','1','2020-05-11 09:15:35','2020-05-11 09:15:35');
insert  into `t_dmmx`(`dm`,`dmm`,`dmmc`,`flag`,`create_time`,`update_time`) values ('24','1','百分比','1','2020-05-11 09:15:35','2020-05-11 09:15:35');
insert  into `t_dmmx`(`dm`,`dmm`,`dmmc`,`flag`,`create_time`,`update_time`) values ('24','2','计算型','1','2020-05-11 09:15:35','2020-05-11 09:15:35');
insert  into `t_dmmx`(`dm`,`dmm`,`dmmc`,`flag`,`create_time`,`update_time`) values ('24','3','标量值','1','2020-05-11 09:15:35','2020-05-11 09:15:35');
insert  into `t_dmmx`(`dm`,`dmm`,`dmmc`,`flag`,`create_time`,`update_time`) values ('25','1','正常','1','2020-05-14 18:57:14','2020-05-14 18:57:20');
insert  into `t_dmmx`(`dm`,`dmm`,`dmmc`,`flag`,`create_time`,`update_time`) values ('25','2','	停用','1','2020-05-14 18:57:17','2020-05-14 18:57:22');
insert  into `t_dmmx`(`dm`,`dmm`,`dmmc`,`flag`,`create_time`,`update_time`) values ('25','3','锁定','1','2020-05-15 11:27:57','2020-05-15 11:27:57');
insert  into `t_dmmx`(`dm`,`dmm`,`dmmc`,`flag`,`create_time`,`update_time`) values ('26','10.16.33.10:8888','北京合生广场代理服务','1','2020-11-12 10:39:41','2020-11-12 10:39:44');
insert  into `t_dmmx`(`dm`,`dmm`,`dmmc`,`flag`,`create_time`,`update_time`) values ('26','10.16.34.14:8888','北京朝阳合生汇代理服务','1','2020-11-02 14:26:59','2020-11-02 14:27:01');
insert  into `t_dmmx`(`dm`,`dmm`,`dmmc`,`flag`,`create_time`,`update_time`) values ('26','10.19.53.205:8888','广州南方花园代理服务','1','2020-11-12 10:53:08','2020-11-12 10:53:12');
insert  into `t_dmmx`(`dm`,`dmm`,`dmmc`,`flag`,`create_time`,`update_time`) values ('26','10.19.72.205:8888','广州合生骏景广场代理服务','1','2020-11-12 10:53:05','2020-11-12 10:53:10');
insert  into `t_dmmx`(`dm`,`dmm`,`dmmc`,`flag`,`create_time`,`update_time`) values ('26','10.25.128.84:8888','广州嘉和南代理服务','1','2020-07-28 17:11:15','2020-07-28 17:11:53');
insert  into `t_dmmx`(`dm`,`dmm`,`dmmc`,`flag`,`create_time`,`update_time`) values ('26','10.28.8.233:8888','成都珠江广场代理服务','1','2020-11-12 10:20:44','2020-11-12 10:20:46');
insert  into `t_dmmx`(`dm`,`dmm`,`dmmc`,`flag`,`create_time`,`update_time`) values ('26','10.5.232.214:8888','广州增城合生汇代理服务','1','2020-11-12 14:16:18','2020-11-12 14:16:20');
insert  into `t_dmmx`(`dm`,`dmm`,`dmmc`,`flag`,`create_time`,`update_time`) values ('26','10.5.3.26:8888','上海青浦米格代理服务','1','2020-11-12 10:29:51','2020-11-12 10:29:53');
insert  into `t_dmmx`(`dm`,`dmm`,`dmmc`,`flag`,`create_time`,`update_time`) values ('26','10.61.101.241:8888','上海五角场代理服务','1','2020-11-05 10:29:46','2020-11-05 10:29:48');
insert  into `t_dmmx`(`dm`,`dmm`,`dmmc`,`flag`,`create_time`,`update_time`) values ('26','39.106.226.140:8888','合生通生产业务库代理服务','1','2020-11-18 16:31:40','2020-11-18 16:31:42');
insert  into `t_dmmx`(`dm`,`dmm`,`dmmc`,`flag`,`create_time`,`update_time`) values ('26','47.94.197.105:8888','阿里云中转库代理服务','1','2020-11-12 14:33:15','2020-11-12 14:33:17');
insert  into `t_dmmx`(`dm`,`dmm`,`dmmc`,`flag`,`create_time`,`update_time`) values ('26','bjcfpark.hopsontong.com:60138','北京合生财富广场代理服务','1','2020-11-21 13:28:05','2020-11-21 13:28:07');
insert  into `t_dmmx`(`dm`,`dmm`,`dmmc`,`flag`,`create_time`,`update_time`) values ('26','bjdespark.hopsontong.com:60128','北京德胜合生财富广场代理服务','1','2020-11-21 13:28:47','2020-11-21 13:28:50');
insert  into `t_dmmx`(`dm`,`dmm`,`dmmc`,`flag`,`create_time`,`update_time`) values ('26','bjwjqlspark.hopsontong.com:60039','合生新天地代理服务','1','2020-11-21 13:25:55','2020-11-21 13:25:58');
insert  into `t_dmmx`(`dm`,`dmm`,`dmmc`,`flag`,`create_time`,`update_time`) values ('26','gzyhpark.hopsontong.com:60088','广州越华珠江广场代理服务','1','2020-11-21 13:26:30','2020-11-21 13:26:33');
insert  into `t_dmmx`(`dm`,`dmm`,`dmmc`,`flag`,`create_time`,`update_time`) values ('26','hzkhpark.hopsontong.com:60016','科华数码广场有限公司代理服务','1','2020-11-21 13:30:18','2020-11-21 13:30:20');
insert  into `t_dmmx`(`dm`,`dmm`,`dmmc`,`flag`,`create_time`,`update_time`) values ('26','shhytpark.hopsontong.com:60118','上海海云天合生财富广场代理服务','1','2020-11-21 13:29:23','2020-11-21 13:29:25');
insert  into `t_dmmx`(`dm`,`dmm`,`dmmc`,`flag`,`create_time`,`update_time`) values ('26','shjazjpark.hopsontong.com:60158','上海静安珠江创意中心代理服务','1','2020-11-21 13:29:45','2020-11-21 13:29:47');
insert  into `t_dmmx`(`dm`,`dmm`,`dmmc`,`flag`,`create_time`,`update_time`) values ('27','1','5.6','1','2020-07-29 13:59:16','2020-07-29 13:59:16');
insert  into `t_dmmx`(`dm`,`dmm`,`dmmc`,`flag`,`create_time`,`update_time`) values ('27','2','5.7','1','2020-07-29 13:59:22','2020-07-29 13:59:22');
insert  into `t_dmmx`(`dm`,`dmm`,`dmmc`,`flag`,`create_time`,`update_time`) values ('28','1','已就绪','1','2020-07-30 17:20:29','2020-07-30 17:20:29');
insert  into `t_dmmx`(`dm`,`dmm`,`dmmc`,`flag`,`create_time`,`update_time`) values ('28','2','运行中','1','2020-07-30 17:20:35','2020-07-30 17:20:35');
insert  into `t_dmmx`(`dm`,`dmm`,`dmmc`,`flag`,`create_time`,`update_time`) values ('28','3','已完成','1','2020-07-30 17:20:42','2020-07-30 17:20:42');
insert  into `t_dmmx`(`dm`,`dmm`,`dmmc`,`flag`,`create_time`,`update_time`) values ('28','4','运行失败','1','2020-07-30 17:20:49','2020-07-30 17:20:49');
insert  into `t_dmmx`(`dm`,`dmm`,`dmmc`,`flag`,`create_time`,`update_time`) values ('30','basedir=/usr/local/mysql5.6.44','mysql服务主目录','1','2020-08-06 14:38:30','2020-08-24 14:08:32');
insert  into `t_dmmx`(`dm`,`dmm`,`dmmc`,`flag`,`create_time`,`update_time`) values ('30','binlog-format=row','binlog日志格式','1','2020-08-06 14:37:59','2020-08-06 14:37:59');
insert  into `t_dmmx`(`dm`,`dmm`,`dmmc`,`flag`,`create_time`,`update_time`) values ('30','character-set-server=utf8mb4','mysql服务端字符集','1','2020-08-06 14:40:02','2020-08-06 14:40:02');
insert  into `t_dmmx`(`dm`,`dmm`,`dmmc`,`flag`,`create_time`,`update_time`) values ('30','datadir=/home/hopson/apps/usr/webserver/mysql/data/{}/{}','mysql数据主目录','1','2020-08-06 14:38:44','2020-08-31 16:28:49');
insert  into `t_dmmx`(`dm`,`dmm`,`dmmc`,`flag`,`create_time`,`update_time`) values ('30','default-character-set=utf8mb4','客户端字符集','1','2020-08-24 13:33:16','2020-08-24 13:33:16');
insert  into `t_dmmx`(`dm`,`dmm`,`dmmc`,`flag`,`create_time`,`update_time`) values ('30','expire_logs_days=7','binlog保留时间(天)','1','2020-08-06 14:37:12','2020-08-06 14:37:12');
insert  into `t_dmmx`(`dm`,`dmm`,`dmmc`,`flag`,`create_time`,`update_time`) values ('30','innodb_buffer_pool_size=4G','innodb缓存池大小','1','2020-08-06 14:44:47','2020-08-06 14:44:47');
insert  into `t_dmmx`(`dm`,`dmm`,`dmmc`,`flag`,`create_time`,`update_time`) values ('30','innodb_log_buffer_size=8m','innodb日志缓存池大小','1','2020-08-06 14:45:00','2020-08-06 14:45:00');
insert  into `t_dmmx`(`dm`,`dmm`,`dmmc`,`flag`,`create_time`,`update_time`) values ('30','innodb_log_file_size=512m','innodb日志文件大小','1','2020-08-06 14:45:11','2020-08-06 14:45:11');
insert  into `t_dmmx`(`dm`,`dmm`,`dmmc`,`flag`,`create_time`,`update_time`) values ('30','interactive_timeout=86400','交互等待时间','1','2020-09-30 08:12:43','2020-09-30 08:12:43');
insert  into `t_dmmx`(`dm`,`dmm`,`dmmc`,`flag`,`create_time`,`update_time`) values ('30','log-bin=mysql-bin','mysql binlog日志名称','1','2020-08-06 14:36:53','2020-08-06 14:36:53');
insert  into `t_dmmx`(`dm`,`dmm`,`dmmc`,`flag`,`create_time`,`update_time`) values ('30','log-error=/home/hopson/apps/usr/webserver/mysql/data/{}/{}/mysql.err','错误日志','1','2020-08-31 16:32:35','2020-08-31 16:52:23');
insert  into `t_dmmx`(`dm`,`dmm`,`dmmc`,`flag`,`create_time`,`update_time`) values ('30','log_bin_trust_function_creators=on','开启日志后是否能创建存储过程','1','2020-08-06 14:36:32','2020-09-03 11:12:05');
insert  into `t_dmmx`(`dm`,`dmm`,`dmmc`,`flag`,`create_time`,`update_time`) values ('30','lower_case_table_names=1','mysql是否区分大小写','1','2020-08-24 13:30:25','2020-08-24 13:30:25');
insert  into `t_dmmx`(`dm`,`dmm`,`dmmc`,`flag`,`create_time`,`update_time`) values ('30','max_allowed_packet=512M','最大网络包大小','1','2020-08-06 14:43:14','2020-09-03 11:35:29');
insert  into `t_dmmx`(`dm`,`dmm`,`dmmc`,`flag`,`create_time`,`update_time`) values ('30','max_connections=2000','最大连接数','1','2020-08-06 14:44:30','2020-08-06 14:44:30');
insert  into `t_dmmx`(`dm`,`dmm`,`dmmc`,`flag`,`create_time`,`update_time`) values ('30','pid-file=/home/hopson/apps/usr/webserver/mysql/data/{}/{}/mysql{}.pid','mysql进程文件','1','2020-09-01 16:13:33','2020-09-01 16:13:33');
insert  into `t_dmmx`(`dm`,`dmm`,`dmmc`,`flag`,`create_time`,`update_time`) values ('30','port={}','端口号','1','2020-08-06 14:39:35','2020-09-01 16:25:16');
insert  into `t_dmmx`(`dm`,`dmm`,`dmmc`,`flag`,`create_time`,`update_time`) values ('30','server_id=1','mysql服务id','1','2020-08-06 14:36:05','2020-08-06 14:36:05');
insert  into `t_dmmx`(`dm`,`dmm`,`dmmc`,`flag`,`create_time`,`update_time`) values ('30','socket=/home/hopson/apps/usr/webserver/mysql/data/{}/{}/mysql.sock','socket文件名','1','2020-08-06 14:40:33','2020-08-31 16:26:02');
insert  into `t_dmmx`(`dm`,`dmm`,`dmmc`,`flag`,`create_time`,`update_time`) values ('30','sql_mode=NO_ENGINE_SUBSTITUTION,STRICT_TRANS_TABLES','sql模式','1','2020-08-06 14:40:56','2020-08-06 14:40:56');
insert  into `t_dmmx`(`dm`,`dmm`,`dmmc`,`flag`,`create_time`,`update_time`) values ('30','symbolic-links=0','禁用符号链接','1','2020-08-06 14:39:21','2020-08-06 14:39:21');
insert  into `t_dmmx`(`dm`,`dmm`,`dmmc`,`flag`,`create_time`,`update_time`) values ('30','table_definition_cache=16384','表定义缓存的大小','1','2020-08-06 14:44:16','2020-08-06 14:44:16');
insert  into `t_dmmx`(`dm`,`dmm`,`dmmc`,`flag`,`create_time`,`update_time`) values ('30','table_open_cache=16384','表高速缓存的大小','1','2020-08-06 14:43:57','2020-08-06 14:43:57');
insert  into `t_dmmx`(`dm`,`dmm`,`dmmc`,`flag`,`create_time`,`update_time`) values ('30','transaction_isolation =\'READ-COMMITTED\'','事务隔离级别','1','2020-08-06 14:42:48','2020-08-06 14:42:48');
insert  into `t_dmmx`(`dm`,`dmm`,`dmmc`,`flag`,`create_time`,`update_time`) values ('30','user=hopson','mysql服务启动用户','1','2020-08-06 14:39:05','2020-08-06 14:39:05');
insert  into `t_dmmx`(`dm`,`dmm`,`dmmc`,`flag`,`create_time`,`update_time`) values ('30','wait_timeout=86400','锁等待时间','1','2020-09-30 08:12:31','2020-09-30 08:12:31');
insert  into `t_dmmx`(`dm`,`dmm`,`dmmc`,`flag`,`create_time`,`update_time`) values ('31','create','创建对象','1','2020-08-06 14:39:05','2020-08-06 14:39:05');
insert  into `t_dmmx`(`dm`,`dmm`,`dmmc`,`flag`,`create_time`,`update_time`) values ('31','delete','删除操作','1','2020-08-06 14:39:05','2020-08-06 14:39:05');
insert  into `t_dmmx`(`dm`,`dmm`,`dmmc`,`flag`,`create_time`,`update_time`) values ('31','drop','删除对象','1','2020-08-06 14:39:05','2020-08-06 14:39:05');
insert  into `t_dmmx`(`dm`,`dmm`,`dmmc`,`flag`,`create_time`,`update_time`) values ('31','insert','插入操作','1','2020-08-06 14:39:05','2020-08-06 14:39:05');
insert  into `t_dmmx`(`dm`,`dmm`,`dmmc`,`flag`,`create_time`,`update_time`) values ('31','select','查询操作','1','2020-08-06 14:39:05','2020-08-06 14:39:05');
insert  into `t_dmmx`(`dm`,`dmm`,`dmmc`,`flag`,`create_time`,`update_time`) values ('31','update','更新操作','1','2020-08-06 14:39:05','2020-08-06 14:39:05');
insert  into `t_dmmx`(`dm`,`dmm`,`dmmc`,`flag`,`create_time`,`update_time`) values ('32','1','未创建','1','2020-08-06 14:39:05','2020-08-06 14:39:05');
insert  into `t_dmmx`(`dm`,`dmm`,`dmmc`,`flag`,`create_time`,`update_time`) values ('32','2','已创建','1','2020-08-06 14:39:05','2020-08-06 14:39:05');
insert  into `t_dmmx`(`dm`,`dmm`,`dmmc`,`flag`,`create_time`,`update_time`) values ('32','3','已运行','1','2020-08-06 14:39:05','2020-08-06 14:39:05');
insert  into `t_dmmx`(`dm`,`dmm`,`dmmc`,`flag`,`create_time`,`update_time`) values ('32','4','已停止','1','2020-08-06 14:39:05','2020-08-06 14:39:05');
insert  into `t_dmmx`(`dm`,`dmm`,`dmmc`,`flag`,`create_time`,`update_time`) values ('32','5','已销毁','1','2020-09-02 09:50:25','2020-09-02 09:50:25');
insert  into `t_dmmx`(`dm`,`dmm`,`dmmc`,`flag`,`create_time`,`update_time`) values ('33','http://10.2.39.18/downloads/mysql-5.7.27-linux-glibc2.12-x86_64.tar','mysql5.7_download_url','1','2020-08-19 17:41:51','2020-08-19 17:41:51');
insert  into `t_dmmx`(`dm`,`dmm`,`dmmc`,`flag`,`create_time`,`update_time`) values ('33','http://124.127.103.190:65480/downloads/mysql-5.6.44-linux-glibc2.12-x86_64.tar.gz','mysql5.6_download_url','1','2020-08-19 17:42:09','2020-09-07 10:36:11');
insert  into `t_dmmx`(`dm`,`dmm`,`dmmc`,`flag`,`create_time`,`update_time`) values ('34','1','目录同步','1','2020-09-21 11:07:44','2020-09-21 11:07:44');
insert  into `t_dmmx`(`dm`,`dmm`,`dmmc`,`flag`,`create_time`,`update_time`) values ('34','2','服务同步','1','2020-09-21 11:07:48','2020-09-21 11:07:48');
insert  into `t_dmmx`(`dm`,`dmm`,`dmmc`,`flag`,`create_time`,`update_time`) values ('35','1','数据库代理','1','2020-11-13 11:32:19','2020-11-13 11:32:19');
insert  into `t_dmmx`(`dm`,`dmm`,`dmmc`,`flag`,`create_time`,`update_time`) values ('36','01','8888','1','2020-11-21 13:38:26','2020-11-21 13:38:28');
insert  into `t_dmmx`(`dm`,`dmm`,`dmmc`,`flag`,`create_time`,`update_time`) values ('37','1','进程','1','2021-02-19 16:42:49','2021-02-19 16:42:49');
insert  into `t_dmmx`(`dm`,`dmm`,`dmmc`,`flag`,`create_time`,`update_time`) values ('37','2','慢日志','1','2021-02-19 16:42:49','2021-02-19 16:42:49');
insert  into `t_dmmx`(`dm`,`dmm`,`dmmc`,`flag`,`create_time`,`update_time`) values ('38','1','自建库','1','2021-04-16 15:55:29','2021-04-16 15:55:33');
insert  into `t_dmmx`(`dm`,`dmm`,`dmmc`,`flag`,`create_time`,`update_time`) values ('38','2','数据源','1','2021-04-16 15:55:31','2021-04-16 15:55:35');
insert  into `t_dmmx`(`dm`,`dmm`,`dmmc`,`flag`,`create_time`,`update_time`) values ('39','1','口令','1','2021-04-16 15:55:31','2021-04-16 15:55:31');
insert  into `t_dmmx`(`dm`,`dmm`,`dmmc`,`flag`,`create_time`,`update_time`) values ('39','2','密钥','1','2021-04-16 15:55:31','2021-04-16 15:55:31');
insert  into `t_dmmx`(`dm`,`dmm`,`dmmc`,`flag`,`create_time`,`update_time`) values ('40','1','Windows','1','2021-04-16 15:55:31','2021-04-16 15:55:31');
insert  into `t_dmmx`(`dm`,`dmm`,`dmmc`,`flag`,`create_time`,`update_time`) values ('40','2','CentOS','1','2021-04-16 15:55:31','2021-04-16 15:55:31');

/*Table structure for table `t_role` */

CREATE TABLE `t_role` (
  `id` int(11) NOT NULL AUTO_INCREMENT,
  `name` varchar(20) NOT NULL DEFAULT '',
  `status` varchar(1) NOT NULL DEFAULT '',
  `creator` varchar(10) NOT NULL DEFAULT '',
  `updater` varchar(10) NOT NULL DEFAULT '',
  `create_date` datetime NOT NULL COMMENT '创建时间',
  `last_update_date` datetime NOT NULL COMMENT '修改时间',
  PRIMARY KEY (`id`)
) ENGINE=InnoDB AUTO_INCREMENT=60 DEFAULT CHARSET=utf8mb4;

/*Data for the table `t_role` */

insert  into `t_role`(`id`,`name`,`status`,`creator`,`updater`,`create_date`,`last_update_date`) values (33,'系统管理员','1','DBA','DBA','2021-05-11 16:19:23','2021-05-11 16:19:23');
insert  into `t_role`(`id`,`name`,`status`,`creator`,`updater`,`create_date`,`last_update_date`) values (42,'数据库管理员','1','DBA','DBA','2021-05-11 16:23:16','2021-05-11 16:23:16');
insert  into `t_role`(`id`,`name`,`status`,`creator`,`updater`,`create_date`,`last_update_date`) values (45,'大数据开发','1','DBA','DBA','2021-05-11 16:30:49','2021-05-11 16:30:49');
insert  into `t_role`(`id`,`name`,`status`,`creator`,`updater`,`create_date`,`last_update_date`) values (48,'开发人员	','1','DBA','DBA','2021-05-11 16:32:02','2021-05-11 16:32:02');
insert  into `t_role`(`id`,`name`,`status`,`creator`,`updater`,`create_date`,`last_update_date`) values (54,'测试1','1','DBA','DBA','2021-05-12 17:27:59','2021-05-12 17:27:59');

/*Table structure for table `t_role_privs` */

CREATE TABLE `t_role_privs` (
  `id` int(11) NOT NULL AUTO_INCREMENT,
  `role_id` int(11) NOT NULL DEFAULT '0',
  `priv_id` varchar(11) NOT NULL DEFAULT '0',
  `creator` varchar(10) NOT NULL DEFAULT '',
  `updater` varchar(10) NOT NULL DEFAULT '',
  `create_date` datetime NOT NULL COMMENT '创建时间',
  `last_update_date` datetime NOT NULL COMMENT '修改时间',
  PRIMARY KEY (`id`)
) ENGINE=InnoDB AUTO_INCREMENT=714 DEFAULT CHARSET=utf8mb4;

/*Data for the table `t_role_privs` */

insert  into `t_role_privs`(`id`,`role_id`,`priv_id`,`creator`,`updater`,`create_date`,`last_update_date`) values (123,33,'00101','DBA','DBA','2021-05-11 16:19:24','2021-05-11 16:19:24');
insert  into `t_role_privs`(`id`,`role_id`,`priv_id`,`creator`,`updater`,`create_date`,`last_update_date`) values (126,33,'00102','DBA','DBA','2021-05-11 16:19:24','2021-05-11 16:19:24');
insert  into `t_role_privs`(`id`,`role_id`,`priv_id`,`creator`,`updater`,`create_date`,`last_update_date`) values (129,33,'00103','DBA','DBA','2021-05-11 16:19:24','2021-05-11 16:19:24');
insert  into `t_role_privs`(`id`,`role_id`,`priv_id`,`creator`,`updater`,`create_date`,`last_update_date`) values (132,33,'00201','DBA','DBA','2021-05-11 16:19:24','2021-05-11 16:19:24');
insert  into `t_role_privs`(`id`,`role_id`,`priv_id`,`creator`,`updater`,`create_date`,`last_update_date`) values (135,33,'00202','DBA','DBA','2021-05-11 16:19:24','2021-05-11 16:19:24');
insert  into `t_role_privs`(`id`,`role_id`,`priv_id`,`creator`,`updater`,`create_date`,`last_update_date`) values (138,33,'00203','DBA','DBA','2021-05-11 16:19:24','2021-05-11 16:19:24');
insert  into `t_role_privs`(`id`,`role_id`,`priv_id`,`creator`,`updater`,`create_date`,`last_update_date`) values (141,33,'00301','DBA','DBA','2021-05-11 16:19:25','2021-05-11 16:19:25');
insert  into `t_role_privs`(`id`,`role_id`,`priv_id`,`creator`,`updater`,`create_date`,`last_update_date`) values (144,33,'00302','DBA','DBA','2021-05-11 16:19:25','2021-05-11 16:19:25');
insert  into `t_role_privs`(`id`,`role_id`,`priv_id`,`creator`,`updater`,`create_date`,`last_update_date`) values (147,33,'00303','DBA','DBA','2021-05-11 16:19:25','2021-05-11 16:19:25');
insert  into `t_role_privs`(`id`,`role_id`,`priv_id`,`creator`,`updater`,`create_date`,`last_update_date`) values (150,33,'00501','DBA','DBA','2021-05-11 16:19:25','2021-05-11 16:19:25');
insert  into `t_role_privs`(`id`,`role_id`,`priv_id`,`creator`,`updater`,`create_date`,`last_update_date`) values (153,33,'00502','DBA','DBA','2021-05-11 16:19:25','2021-05-11 16:19:25');
insert  into `t_role_privs`(`id`,`role_id`,`priv_id`,`creator`,`updater`,`create_date`,`last_update_date`) values (156,33,'00503','DBA','DBA','2021-05-11 16:19:25','2021-05-11 16:19:25');
insert  into `t_role_privs`(`id`,`role_id`,`priv_id`,`creator`,`updater`,`create_date`,`last_update_date`) values (159,33,'00601','DBA','DBA','2021-05-11 16:19:26','2021-05-11 16:19:26');
insert  into `t_role_privs`(`id`,`role_id`,`priv_id`,`creator`,`updater`,`create_date`,`last_update_date`) values (162,33,'01901','DBA','DBA','2021-05-11 16:19:26','2021-05-11 16:19:26');
insert  into `t_role_privs`(`id`,`role_id`,`priv_id`,`creator`,`updater`,`create_date`,`last_update_date`) values (165,33,'01902','DBA','DBA','2021-05-11 16:19:26','2021-05-11 16:19:26');
insert  into `t_role_privs`(`id`,`role_id`,`priv_id`,`creator`,`updater`,`create_date`,`last_update_date`) values (168,33,'01903','DBA','DBA','2021-05-11 16:19:26','2021-05-11 16:19:26');
insert  into `t_role_privs`(`id`,`role_id`,`priv_id`,`creator`,`updater`,`create_date`,`last_update_date`) values (171,33,'02002','DBA','DBA','2021-05-11 16:19:26','2021-05-11 16:19:26');
insert  into `t_role_privs`(`id`,`role_id`,`priv_id`,`creator`,`updater`,`create_date`,`last_update_date`) values (174,33,'02003','DBA','DBA','2021-05-11 16:19:27','2021-05-11 16:19:27');
insert  into `t_role_privs`(`id`,`role_id`,`priv_id`,`creator`,`updater`,`create_date`,`last_update_date`) values (177,33,'02101','DBA','DBA','2021-05-11 16:19:27','2021-05-11 16:19:27');
insert  into `t_role_privs`(`id`,`role_id`,`priv_id`,`creator`,`updater`,`create_date`,`last_update_date`) values (180,33,'02102','DBA','DBA','2021-05-11 16:19:27','2021-05-11 16:19:27');
insert  into `t_role_privs`(`id`,`role_id`,`priv_id`,`creator`,`updater`,`create_date`,`last_update_date`) values (183,33,'02103','DBA','DBA','2021-05-11 16:19:27','2021-05-11 16:19:27');
insert  into `t_role_privs`(`id`,`role_id`,`priv_id`,`creator`,`updater`,`create_date`,`last_update_date`) values (186,33,'02104','DBA','DBA','2021-05-11 16:19:27','2021-05-11 16:19:27');
insert  into `t_role_privs`(`id`,`role_id`,`priv_id`,`creator`,`updater`,`create_date`,`last_update_date`) values (189,33,'02105','DBA','DBA','2021-05-11 16:19:27','2021-05-11 16:19:27');
insert  into `t_role_privs`(`id`,`role_id`,`priv_id`,`creator`,`updater`,`create_date`,`last_update_date`) values (192,33,'06001','DBA','DBA','2021-05-11 16:19:28','2021-05-11 16:19:28');
insert  into `t_role_privs`(`id`,`role_id`,`priv_id`,`creator`,`updater`,`create_date`,`last_update_date`) values (195,33,'06002','DBA','DBA','2021-05-11 16:19:28','2021-05-11 16:19:28');
insert  into `t_role_privs`(`id`,`role_id`,`priv_id`,`creator`,`updater`,`create_date`,`last_update_date`) values (198,33,'06003','DBA','DBA','2021-05-11 16:19:28','2021-05-11 16:19:28');
insert  into `t_role_privs`(`id`,`role_id`,`priv_id`,`creator`,`updater`,`create_date`,`last_update_date`) values (201,36,'00101','DBA','DBA','2021-05-11 16:20:03','2021-05-11 16:20:03');
insert  into `t_role_privs`(`id`,`role_id`,`priv_id`,`creator`,`updater`,`create_date`,`last_update_date`) values (279,39,'00101','DBA','DBA','2021-05-11 16:21:44','2021-05-11 16:21:44');
insert  into `t_role_privs`(`id`,`role_id`,`priv_id`,`creator`,`updater`,`create_date`,`last_update_date`) values (282,39,'00102','DBA','DBA','2021-05-11 16:21:44','2021-05-11 16:21:44');
insert  into `t_role_privs`(`id`,`role_id`,`priv_id`,`creator`,`updater`,`create_date`,`last_update_date`) values (285,39,'00103','DBA','DBA','2021-05-11 16:21:44','2021-05-11 16:21:44');
insert  into `t_role_privs`(`id`,`role_id`,`priv_id`,`creator`,`updater`,`create_date`,`last_update_date`) values (288,39,'00201','DBA','DBA','2021-05-11 16:21:44','2021-05-11 16:21:44');
insert  into `t_role_privs`(`id`,`role_id`,`priv_id`,`creator`,`updater`,`create_date`,`last_update_date`) values (291,39,'00202','DBA','DBA','2021-05-11 16:21:44','2021-05-11 16:21:44');
insert  into `t_role_privs`(`id`,`role_id`,`priv_id`,`creator`,`updater`,`create_date`,`last_update_date`) values (294,39,'00203','DBA','DBA','2021-05-11 16:21:44','2021-05-11 16:21:44');
insert  into `t_role_privs`(`id`,`role_id`,`priv_id`,`creator`,`updater`,`create_date`,`last_update_date`) values (297,39,'00301','DBA','DBA','2021-05-11 16:21:45','2021-05-11 16:21:45');
insert  into `t_role_privs`(`id`,`role_id`,`priv_id`,`creator`,`updater`,`create_date`,`last_update_date`) values (300,39,'00302','DBA','DBA','2021-05-11 16:21:45','2021-05-11 16:21:45');
insert  into `t_role_privs`(`id`,`role_id`,`priv_id`,`creator`,`updater`,`create_date`,`last_update_date`) values (303,39,'00303','DBA','DBA','2021-05-11 16:21:45','2021-05-11 16:21:45');
insert  into `t_role_privs`(`id`,`role_id`,`priv_id`,`creator`,`updater`,`create_date`,`last_update_date`) values (306,39,'00501','DBA','DBA','2021-05-11 16:21:45','2021-05-11 16:21:45');
insert  into `t_role_privs`(`id`,`role_id`,`priv_id`,`creator`,`updater`,`create_date`,`last_update_date`) values (309,39,'00502','DBA','DBA','2021-05-11 16:21:45','2021-05-11 16:21:45');
insert  into `t_role_privs`(`id`,`role_id`,`priv_id`,`creator`,`updater`,`create_date`,`last_update_date`) values (312,39,'00503','DBA','DBA','2021-05-11 16:21:45','2021-05-11 16:21:45');
insert  into `t_role_privs`(`id`,`role_id`,`priv_id`,`creator`,`updater`,`create_date`,`last_update_date`) values (315,39,'00601','DBA','DBA','2021-05-11 16:21:46','2021-05-11 16:21:46');
insert  into `t_role_privs`(`id`,`role_id`,`priv_id`,`creator`,`updater`,`create_date`,`last_update_date`) values (318,39,'01901','DBA','DBA','2021-05-11 16:21:46','2021-05-11 16:21:46');
insert  into `t_role_privs`(`id`,`role_id`,`priv_id`,`creator`,`updater`,`create_date`,`last_update_date`) values (321,39,'01902','DBA','DBA','2021-05-11 16:21:46','2021-05-11 16:21:46');
insert  into `t_role_privs`(`id`,`role_id`,`priv_id`,`creator`,`updater`,`create_date`,`last_update_date`) values (324,39,'01903','DBA','DBA','2021-05-11 16:21:46','2021-05-11 16:21:46');
insert  into `t_role_privs`(`id`,`role_id`,`priv_id`,`creator`,`updater`,`create_date`,`last_update_date`) values (327,39,'02002','DBA','DBA','2021-05-11 16:21:46','2021-05-11 16:21:46');
insert  into `t_role_privs`(`id`,`role_id`,`priv_id`,`creator`,`updater`,`create_date`,`last_update_date`) values (330,39,'02003','DBA','DBA','2021-05-11 16:21:46','2021-05-11 16:21:46');
insert  into `t_role_privs`(`id`,`role_id`,`priv_id`,`creator`,`updater`,`create_date`,`last_update_date`) values (333,39,'02101','DBA','DBA','2021-05-11 16:21:47','2021-05-11 16:21:47');
insert  into `t_role_privs`(`id`,`role_id`,`priv_id`,`creator`,`updater`,`create_date`,`last_update_date`) values (336,39,'02102','DBA','DBA','2021-05-11 16:21:47','2021-05-11 16:21:47');
insert  into `t_role_privs`(`id`,`role_id`,`priv_id`,`creator`,`updater`,`create_date`,`last_update_date`) values (339,39,'02103','DBA','DBA','2021-05-11 16:21:47','2021-05-11 16:21:47');
insert  into `t_role_privs`(`id`,`role_id`,`priv_id`,`creator`,`updater`,`create_date`,`last_update_date`) values (342,39,'02104','DBA','DBA','2021-05-11 16:21:47','2021-05-11 16:21:47');
insert  into `t_role_privs`(`id`,`role_id`,`priv_id`,`creator`,`updater`,`create_date`,`last_update_date`) values (345,39,'02105','DBA','DBA','2021-05-11 16:21:47','2021-05-11 16:21:47');
insert  into `t_role_privs`(`id`,`role_id`,`priv_id`,`creator`,`updater`,`create_date`,`last_update_date`) values (348,39,'06001','DBA','DBA','2021-05-11 16:21:47','2021-05-11 16:21:47');
insert  into `t_role_privs`(`id`,`role_id`,`priv_id`,`creator`,`updater`,`create_date`,`last_update_date`) values (351,39,'06002','DBA','DBA','2021-05-11 16:21:48','2021-05-11 16:21:48');
insert  into `t_role_privs`(`id`,`role_id`,`priv_id`,`creator`,`updater`,`create_date`,`last_update_date`) values (354,39,'06003','DBA','DBA','2021-05-11 16:21:48','2021-05-11 16:21:48');
insert  into `t_role_privs`(`id`,`role_id`,`priv_id`,`creator`,`updater`,`create_date`,`last_update_date`) values (357,42,'00101','DBA','DBA','2021-05-11 16:23:16','2021-05-11 16:23:16');
insert  into `t_role_privs`(`id`,`role_id`,`priv_id`,`creator`,`updater`,`create_date`,`last_update_date`) values (360,42,'00102','DBA','DBA','2021-05-11 16:23:16','2021-05-11 16:23:16');
insert  into `t_role_privs`(`id`,`role_id`,`priv_id`,`creator`,`updater`,`create_date`,`last_update_date`) values (363,42,'00103','DBA','DBA','2021-05-11 16:23:17','2021-05-11 16:23:17');
insert  into `t_role_privs`(`id`,`role_id`,`priv_id`,`creator`,`updater`,`create_date`,`last_update_date`) values (366,42,'00201','DBA','DBA','2021-05-11 16:23:17','2021-05-11 16:23:17');
insert  into `t_role_privs`(`id`,`role_id`,`priv_id`,`creator`,`updater`,`create_date`,`last_update_date`) values (369,42,'00202','DBA','DBA','2021-05-11 16:23:17','2021-05-11 16:23:17');
insert  into `t_role_privs`(`id`,`role_id`,`priv_id`,`creator`,`updater`,`create_date`,`last_update_date`) values (372,42,'00203','DBA','DBA','2021-05-11 16:23:17','2021-05-11 16:23:17');
insert  into `t_role_privs`(`id`,`role_id`,`priv_id`,`creator`,`updater`,`create_date`,`last_update_date`) values (375,42,'00301','DBA','DBA','2021-05-11 16:23:17','2021-05-11 16:23:17');
insert  into `t_role_privs`(`id`,`role_id`,`priv_id`,`creator`,`updater`,`create_date`,`last_update_date`) values (378,42,'00302','DBA','DBA','2021-05-11 16:23:17','2021-05-11 16:23:17');
insert  into `t_role_privs`(`id`,`role_id`,`priv_id`,`creator`,`updater`,`create_date`,`last_update_date`) values (381,42,'00303','DBA','DBA','2021-05-11 16:23:18','2021-05-11 16:23:18');
insert  into `t_role_privs`(`id`,`role_id`,`priv_id`,`creator`,`updater`,`create_date`,`last_update_date`) values (384,42,'00401','DBA','DBA','2021-05-11 16:23:18','2021-05-11 16:23:18');
insert  into `t_role_privs`(`id`,`role_id`,`priv_id`,`creator`,`updater`,`create_date`,`last_update_date`) values (387,42,'00402','DBA','DBA','2021-05-11 16:23:18','2021-05-11 16:23:18');
insert  into `t_role_privs`(`id`,`role_id`,`priv_id`,`creator`,`updater`,`create_date`,`last_update_date`) values (390,42,'00403','DBA','DBA','2021-05-11 16:23:18','2021-05-11 16:23:18');
insert  into `t_role_privs`(`id`,`role_id`,`priv_id`,`creator`,`updater`,`create_date`,`last_update_date`) values (393,42,'00404','DBA','DBA','2021-05-11 16:23:18','2021-05-11 16:23:18');
insert  into `t_role_privs`(`id`,`role_id`,`priv_id`,`creator`,`updater`,`create_date`,`last_update_date`) values (396,42,'00501','DBA','DBA','2021-05-11 16:23:18','2021-05-11 16:23:18');
insert  into `t_role_privs`(`id`,`role_id`,`priv_id`,`creator`,`updater`,`create_date`,`last_update_date`) values (399,42,'00502','DBA','DBA','2021-05-11 16:23:19','2021-05-11 16:23:19');
insert  into `t_role_privs`(`id`,`role_id`,`priv_id`,`creator`,`updater`,`create_date`,`last_update_date`) values (402,42,'00503','DBA','DBA','2021-05-11 16:23:19','2021-05-11 16:23:19');
insert  into `t_role_privs`(`id`,`role_id`,`priv_id`,`creator`,`updater`,`create_date`,`last_update_date`) values (405,42,'00601','DBA','DBA','2021-05-11 16:23:19','2021-05-11 16:23:19');
insert  into `t_role_privs`(`id`,`role_id`,`priv_id`,`creator`,`updater`,`create_date`,`last_update_date`) values (408,42,'00602','DBA','DBA','2021-05-11 16:23:19','2021-05-11 16:23:19');
insert  into `t_role_privs`(`id`,`role_id`,`priv_id`,`creator`,`updater`,`create_date`,`last_update_date`) values (411,42,'00603','DBA','DBA','2021-05-11 16:23:20','2021-05-11 16:23:20');
insert  into `t_role_privs`(`id`,`role_id`,`priv_id`,`creator`,`updater`,`create_date`,`last_update_date`) values (414,42,'00604','DBA','DBA','2021-05-11 16:23:20','2021-05-11 16:23:20');
insert  into `t_role_privs`(`id`,`role_id`,`priv_id`,`creator`,`updater`,`create_date`,`last_update_date`) values (417,42,'00607','DBA','DBA','2021-05-11 16:23:20','2021-05-11 16:23:20');
insert  into `t_role_privs`(`id`,`role_id`,`priv_id`,`creator`,`updater`,`create_date`,`last_update_date`) values (420,42,'00701','DBA','DBA','2021-05-11 16:23:20','2021-05-11 16:23:20');
insert  into `t_role_privs`(`id`,`role_id`,`priv_id`,`creator`,`updater`,`create_date`,`last_update_date`) values (423,42,'00702','DBA','DBA','2021-05-11 16:23:20','2021-05-11 16:23:20');
insert  into `t_role_privs`(`id`,`role_id`,`priv_id`,`creator`,`updater`,`create_date`,`last_update_date`) values (426,42,'00703','DBA','DBA','2021-05-11 16:23:21','2021-05-11 16:23:21');
insert  into `t_role_privs`(`id`,`role_id`,`priv_id`,`creator`,`updater`,`create_date`,`last_update_date`) values (429,42,'00704','DBA','DBA','2021-05-11 16:23:21','2021-05-11 16:23:21');
insert  into `t_role_privs`(`id`,`role_id`,`priv_id`,`creator`,`updater`,`create_date`,`last_update_date`) values (432,42,'00705','DBA','DBA','2021-05-11 16:23:21','2021-05-11 16:23:21');
insert  into `t_role_privs`(`id`,`role_id`,`priv_id`,`creator`,`updater`,`create_date`,`last_update_date`) values (435,42,'00801','DBA','DBA','2021-05-11 16:23:21','2021-05-11 16:23:21');
insert  into `t_role_privs`(`id`,`role_id`,`priv_id`,`creator`,`updater`,`create_date`,`last_update_date`) values (438,42,'00802','DBA','DBA','2021-05-11 16:23:21','2021-05-11 16:23:21');
insert  into `t_role_privs`(`id`,`role_id`,`priv_id`,`creator`,`updater`,`create_date`,`last_update_date`) values (441,42,'00901','DBA','DBA','2021-05-11 16:23:21','2021-05-11 16:23:21');
insert  into `t_role_privs`(`id`,`role_id`,`priv_id`,`creator`,`updater`,`create_date`,`last_update_date`) values (444,42,'00902','DBA','DBA','2021-05-11 16:23:21','2021-05-11 16:23:21');
insert  into `t_role_privs`(`id`,`role_id`,`priv_id`,`creator`,`updater`,`create_date`,`last_update_date`) values (447,42,'00903','DBA','DBA','2021-05-11 16:23:22','2021-05-11 16:23:22');
insert  into `t_role_privs`(`id`,`role_id`,`priv_id`,`creator`,`updater`,`create_date`,`last_update_date`) values (450,42,'00904','DBA','DBA','2021-05-11 16:23:22','2021-05-11 16:23:22');
insert  into `t_role_privs`(`id`,`role_id`,`priv_id`,`creator`,`updater`,`create_date`,`last_update_date`) values (453,42,'00905','DBA','DBA','2021-05-11 16:23:22','2021-05-11 16:23:22');
insert  into `t_role_privs`(`id`,`role_id`,`priv_id`,`creator`,`updater`,`create_date`,`last_update_date`) values (456,42,'01001','DBA','DBA','2021-05-11 16:23:22','2021-05-11 16:23:22');
insert  into `t_role_privs`(`id`,`role_id`,`priv_id`,`creator`,`updater`,`create_date`,`last_update_date`) values (459,42,'01002','DBA','DBA','2021-05-11 16:23:22','2021-05-11 16:23:22');
insert  into `t_role_privs`(`id`,`role_id`,`priv_id`,`creator`,`updater`,`create_date`,`last_update_date`) values (462,42,'01003','DBA','DBA','2021-05-11 16:23:22','2021-05-11 16:23:22');
insert  into `t_role_privs`(`id`,`role_id`,`priv_id`,`creator`,`updater`,`create_date`,`last_update_date`) values (465,42,'01101','DBA','DBA','2021-05-11 16:23:23','2021-05-11 16:23:23');
insert  into `t_role_privs`(`id`,`role_id`,`priv_id`,`creator`,`updater`,`create_date`,`last_update_date`) values (468,42,'01102','DBA','DBA','2021-05-11 16:23:23','2021-05-11 16:23:23');
insert  into `t_role_privs`(`id`,`role_id`,`priv_id`,`creator`,`updater`,`create_date`,`last_update_date`) values (471,42,'01103','DBA','DBA','2021-05-11 16:23:23','2021-05-11 16:23:23');
insert  into `t_role_privs`(`id`,`role_id`,`priv_id`,`creator`,`updater`,`create_date`,`last_update_date`) values (474,42,'01104','DBA','DBA','2021-05-11 16:23:23','2021-05-11 16:23:23');
insert  into `t_role_privs`(`id`,`role_id`,`priv_id`,`creator`,`updater`,`create_date`,`last_update_date`) values (477,42,'01105','DBA','DBA','2021-05-11 16:23:23','2021-05-11 16:23:23');
insert  into `t_role_privs`(`id`,`role_id`,`priv_id`,`creator`,`updater`,`create_date`,`last_update_date`) values (480,42,'01108','DBA','DBA','2021-05-11 16:23:23','2021-05-11 16:23:23');
insert  into `t_role_privs`(`id`,`role_id`,`priv_id`,`creator`,`updater`,`create_date`,`last_update_date`) values (483,42,'01109','DBA','DBA','2021-05-11 16:23:24','2021-05-11 16:23:24');
insert  into `t_role_privs`(`id`,`role_id`,`priv_id`,`creator`,`updater`,`create_date`,`last_update_date`) values (486,42,'01201','DBA','DBA','2021-05-11 16:23:24','2021-05-11 16:23:24');
insert  into `t_role_privs`(`id`,`role_id`,`priv_id`,`creator`,`updater`,`create_date`,`last_update_date`) values (489,42,'01202','DBA','DBA','2021-05-11 16:23:24','2021-05-11 16:23:24');
insert  into `t_role_privs`(`id`,`role_id`,`priv_id`,`creator`,`updater`,`create_date`,`last_update_date`) values (492,42,'01203','DBA','DBA','2021-05-11 16:23:24','2021-05-11 16:23:24');
insert  into `t_role_privs`(`id`,`role_id`,`priv_id`,`creator`,`updater`,`create_date`,`last_update_date`) values (495,42,'01204','DBA','DBA','2021-05-11 16:23:24','2021-05-11 16:23:24');
insert  into `t_role_privs`(`id`,`role_id`,`priv_id`,`creator`,`updater`,`create_date`,`last_update_date`) values (498,42,'01301','DBA','DBA','2021-05-11 16:23:24','2021-05-11 16:23:24');
insert  into `t_role_privs`(`id`,`role_id`,`priv_id`,`creator`,`updater`,`create_date`,`last_update_date`) values (501,42,'01302','DBA','DBA','2021-05-11 16:23:25','2021-05-11 16:23:25');
insert  into `t_role_privs`(`id`,`role_id`,`priv_id`,`creator`,`updater`,`create_date`,`last_update_date`) values (504,42,'01303','DBA','DBA','2021-05-11 16:23:25','2021-05-11 16:23:25');
insert  into `t_role_privs`(`id`,`role_id`,`priv_id`,`creator`,`updater`,`create_date`,`last_update_date`) values (507,42,'01304','DBA','DBA','2021-05-11 16:23:25','2021-05-11 16:23:25');
insert  into `t_role_privs`(`id`,`role_id`,`priv_id`,`creator`,`updater`,`create_date`,`last_update_date`) values (510,42,'01501','DBA','DBA','2021-05-11 16:23:25','2021-05-11 16:23:25');
insert  into `t_role_privs`(`id`,`role_id`,`priv_id`,`creator`,`updater`,`create_date`,`last_update_date`) values (513,42,'01502','DBA','DBA','2021-05-11 16:23:25','2021-05-11 16:23:25');
insert  into `t_role_privs`(`id`,`role_id`,`priv_id`,`creator`,`updater`,`create_date`,`last_update_date`) values (516,42,'01503','DBA','DBA','2021-05-11 16:23:25','2021-05-11 16:23:25');
insert  into `t_role_privs`(`id`,`role_id`,`priv_id`,`creator`,`updater`,`create_date`,`last_update_date`) values (519,42,'01504','DBA','DBA','2021-05-11 16:23:26','2021-05-11 16:23:26');
insert  into `t_role_privs`(`id`,`role_id`,`priv_id`,`creator`,`updater`,`create_date`,`last_update_date`) values (522,42,'01601','DBA','DBA','2021-05-11 16:23:26','2021-05-11 16:23:26');
insert  into `t_role_privs`(`id`,`role_id`,`priv_id`,`creator`,`updater`,`create_date`,`last_update_date`) values (525,42,'01602','DBA','DBA','2021-05-11 16:23:26','2021-05-11 16:23:26');
insert  into `t_role_privs`(`id`,`role_id`,`priv_id`,`creator`,`updater`,`create_date`,`last_update_date`) values (528,42,'01603','DBA','DBA','2021-05-11 16:23:26','2021-05-11 16:23:26');
insert  into `t_role_privs`(`id`,`role_id`,`priv_id`,`creator`,`updater`,`create_date`,`last_update_date`) values (531,42,'01604','DBA','DBA','2021-05-11 16:23:26','2021-05-11 16:23:26');
insert  into `t_role_privs`(`id`,`role_id`,`priv_id`,`creator`,`updater`,`create_date`,`last_update_date`) values (534,42,'01701','DBA','DBA','2021-05-11 16:23:26','2021-05-11 16:23:26');
insert  into `t_role_privs`(`id`,`role_id`,`priv_id`,`creator`,`updater`,`create_date`,`last_update_date`) values (537,42,'01702','DBA','DBA','2021-05-11 16:23:26','2021-05-11 16:23:26');
insert  into `t_role_privs`(`id`,`role_id`,`priv_id`,`creator`,`updater`,`create_date`,`last_update_date`) values (540,42,'01703','DBA','DBA','2021-05-11 16:23:27','2021-05-11 16:23:27');
insert  into `t_role_privs`(`id`,`role_id`,`priv_id`,`creator`,`updater`,`create_date`,`last_update_date`) values (543,42,'01704','DBA','DBA','2021-05-11 16:23:27','2021-05-11 16:23:27');
insert  into `t_role_privs`(`id`,`role_id`,`priv_id`,`creator`,`updater`,`create_date`,`last_update_date`) values (546,42,'01705','DBA','DBA','2021-05-11 16:23:27','2021-05-11 16:23:27');
insert  into `t_role_privs`(`id`,`role_id`,`priv_id`,`creator`,`updater`,`create_date`,`last_update_date`) values (549,42,'01706','DBA','DBA','2021-05-11 16:23:27','2021-05-11 16:23:27');
insert  into `t_role_privs`(`id`,`role_id`,`priv_id`,`creator`,`updater`,`create_date`,`last_update_date`) values (552,42,'01801','DBA','DBA','2021-05-11 16:23:27','2021-05-11 16:23:27');
insert  into `t_role_privs`(`id`,`role_id`,`priv_id`,`creator`,`updater`,`create_date`,`last_update_date`) values (555,42,'01802','DBA','DBA','2021-05-11 16:23:27','2021-05-11 16:23:27');
insert  into `t_role_privs`(`id`,`role_id`,`priv_id`,`creator`,`updater`,`create_date`,`last_update_date`) values (558,42,'01803','DBA','DBA','2021-05-11 16:23:28','2021-05-11 16:23:28');
insert  into `t_role_privs`(`id`,`role_id`,`priv_id`,`creator`,`updater`,`create_date`,`last_update_date`) values (561,42,'01901','DBA','DBA','2021-05-11 16:23:28','2021-05-11 16:23:28');
insert  into `t_role_privs`(`id`,`role_id`,`priv_id`,`creator`,`updater`,`create_date`,`last_update_date`) values (564,42,'01902','DBA','DBA','2021-05-11 16:23:28','2021-05-11 16:23:28');
insert  into `t_role_privs`(`id`,`role_id`,`priv_id`,`creator`,`updater`,`create_date`,`last_update_date`) values (567,42,'01903','DBA','DBA','2021-05-11 16:23:28','2021-05-11 16:23:28');
insert  into `t_role_privs`(`id`,`role_id`,`priv_id`,`creator`,`updater`,`create_date`,`last_update_date`) values (570,42,'02001','DBA','DBA','2021-05-11 16:23:28','2021-05-11 16:23:28');
insert  into `t_role_privs`(`id`,`role_id`,`priv_id`,`creator`,`updater`,`create_date`,`last_update_date`) values (573,42,'02002','DBA','DBA','2021-05-11 16:23:28','2021-05-11 16:23:28');
insert  into `t_role_privs`(`id`,`role_id`,`priv_id`,`creator`,`updater`,`create_date`,`last_update_date`) values (576,42,'02003','DBA','DBA','2021-05-11 16:23:29','2021-05-11 16:23:29');
insert  into `t_role_privs`(`id`,`role_id`,`priv_id`,`creator`,`updater`,`create_date`,`last_update_date`) values (579,42,'02101','DBA','DBA','2021-05-11 16:23:29','2021-05-11 16:23:29');
insert  into `t_role_privs`(`id`,`role_id`,`priv_id`,`creator`,`updater`,`create_date`,`last_update_date`) values (582,42,'02102','DBA','DBA','2021-05-11 16:23:29','2021-05-11 16:23:29');
insert  into `t_role_privs`(`id`,`role_id`,`priv_id`,`creator`,`updater`,`create_date`,`last_update_date`) values (585,42,'02103','DBA','DBA','2021-05-11 16:23:29','2021-05-11 16:23:29');
insert  into `t_role_privs`(`id`,`role_id`,`priv_id`,`creator`,`updater`,`create_date`,`last_update_date`) values (588,42,'02104','DBA','DBA','2021-05-11 16:23:29','2021-05-11 16:23:29');
insert  into `t_role_privs`(`id`,`role_id`,`priv_id`,`creator`,`updater`,`create_date`,`last_update_date`) values (591,42,'02105','DBA','DBA','2021-05-11 16:23:29','2021-05-11 16:23:29');
insert  into `t_role_privs`(`id`,`role_id`,`priv_id`,`creator`,`updater`,`create_date`,`last_update_date`) values (594,42,'06001','DBA','DBA','2021-05-11 16:23:30','2021-05-11 16:23:30');
insert  into `t_role_privs`(`id`,`role_id`,`priv_id`,`creator`,`updater`,`create_date`,`last_update_date`) values (597,42,'06002','DBA','DBA','2021-05-11 16:23:30','2021-05-11 16:23:30');
insert  into `t_role_privs`(`id`,`role_id`,`priv_id`,`creator`,`updater`,`create_date`,`last_update_date`) values (600,42,'06003','DBA','DBA','2021-05-11 16:23:30','2021-05-11 16:23:30');
insert  into `t_role_privs`(`id`,`role_id`,`priv_id`,`creator`,`updater`,`create_date`,`last_update_date`) values (603,42,'06101','DBA','DBA','2021-05-11 16:23:30','2021-05-11 16:23:30');
insert  into `t_role_privs`(`id`,`role_id`,`priv_id`,`creator`,`updater`,`create_date`,`last_update_date`) values (606,42,'06102','DBA','DBA','2021-05-11 16:23:30','2021-05-11 16:23:30');
insert  into `t_role_privs`(`id`,`role_id`,`priv_id`,`creator`,`updater`,`create_date`,`last_update_date`) values (609,42,'06103','DBA','DBA','2021-05-11 16:23:30','2021-05-11 16:23:30');
insert  into `t_role_privs`(`id`,`role_id`,`priv_id`,`creator`,`updater`,`create_date`,`last_update_date`) values (612,45,'01501','DBA','DBA','2021-05-11 16:30:49','2021-05-11 16:30:49');
insert  into `t_role_privs`(`id`,`role_id`,`priv_id`,`creator`,`updater`,`create_date`,`last_update_date`) values (615,45,'01502','DBA','DBA','2021-05-11 16:30:49','2021-05-11 16:30:49');
insert  into `t_role_privs`(`id`,`role_id`,`priv_id`,`creator`,`updater`,`create_date`,`last_update_date`) values (618,45,'01503','DBA','DBA','2021-05-11 16:30:49','2021-05-11 16:30:49');
insert  into `t_role_privs`(`id`,`role_id`,`priv_id`,`creator`,`updater`,`create_date`,`last_update_date`) values (621,45,'01504','DBA','DBA','2021-05-11 16:30:50','2021-05-11 16:30:50');
insert  into `t_role_privs`(`id`,`role_id`,`priv_id`,`creator`,`updater`,`create_date`,`last_update_date`) values (624,48,'01701','DBA','DBA','2021-05-11 16:32:03','2021-05-11 16:32:03');
insert  into `t_role_privs`(`id`,`role_id`,`priv_id`,`creator`,`updater`,`create_date`,`last_update_date`) values (627,48,'01702','DBA','DBA','2021-05-11 16:32:03','2021-05-11 16:32:03');
insert  into `t_role_privs`(`id`,`role_id`,`priv_id`,`creator`,`updater`,`create_date`,`last_update_date`) values (630,48,'01703','DBA','DBA','2021-05-11 16:32:03','2021-05-11 16:32:03');
insert  into `t_role_privs`(`id`,`role_id`,`priv_id`,`creator`,`updater`,`create_date`,`last_update_date`) values (633,48,'00102','DBA','DBA','2021-05-11 16:32:03','2021-05-11 16:32:03');
insert  into `t_role_privs`(`id`,`role_id`,`priv_id`,`creator`,`updater`,`create_date`,`last_update_date`) values (636,51,'00101','DBA','DBA','2021-05-11 16:33:11','2021-05-11 16:33:11');
insert  into `t_role_privs`(`id`,`role_id`,`priv_id`,`creator`,`updater`,`create_date`,`last_update_date`) values (639,51,'00102','DBA','DBA','2021-05-11 16:33:11','2021-05-11 16:33:11');
insert  into `t_role_privs`(`id`,`role_id`,`priv_id`,`creator`,`updater`,`create_date`,`last_update_date`) values (642,51,'00103','DBA','DBA','2021-05-11 16:33:12','2021-05-11 16:33:12');
insert  into `t_role_privs`(`id`,`role_id`,`priv_id`,`creator`,`updater`,`create_date`,`last_update_date`) values (645,51,'00201','DBA','DBA','2021-05-11 16:33:12','2021-05-11 16:33:12');
insert  into `t_role_privs`(`id`,`role_id`,`priv_id`,`creator`,`updater`,`create_date`,`last_update_date`) values (648,54,'01101','DBA','DBA','2021-05-12 17:27:59','2021-05-12 17:27:59');
insert  into `t_role_privs`(`id`,`role_id`,`priv_id`,`creator`,`updater`,`create_date`,`last_update_date`) values (651,54,'01102','DBA','DBA','2021-05-12 17:27:59','2021-05-12 17:27:59');
insert  into `t_role_privs`(`id`,`role_id`,`priv_id`,`creator`,`updater`,`create_date`,`last_update_date`) values (654,54,'01103','DBA','DBA','2021-05-12 17:27:59','2021-05-12 17:27:59');
insert  into `t_role_privs`(`id`,`role_id`,`priv_id`,`creator`,`updater`,`create_date`,`last_update_date`) values (657,54,'01104','DBA','DBA','2021-05-12 17:27:59','2021-05-12 17:27:59');
insert  into `t_role_privs`(`id`,`role_id`,`priv_id`,`creator`,`updater`,`create_date`,`last_update_date`) values (660,54,'01105','DBA','DBA','2021-05-12 17:27:59','2021-05-12 17:27:59');
insert  into `t_role_privs`(`id`,`role_id`,`priv_id`,`creator`,`updater`,`create_date`,`last_update_date`) values (663,54,'01108','DBA','DBA','2021-05-12 17:28:00','2021-05-12 17:28:00');
insert  into `t_role_privs`(`id`,`role_id`,`priv_id`,`creator`,`updater`,`create_date`,`last_update_date`) values (666,54,'01109','DBA','DBA','2021-05-12 17:28:00','2021-05-12 17:28:00');
insert  into `t_role_privs`(`id`,`role_id`,`priv_id`,`creator`,`updater`,`create_date`,`last_update_date`) values (669,54,'01501','DBA','DBA','2021-05-12 17:28:00','2021-05-12 17:28:00');
insert  into `t_role_privs`(`id`,`role_id`,`priv_id`,`creator`,`updater`,`create_date`,`last_update_date`) values (672,54,'01502','DBA','DBA','2021-05-12 17:28:00','2021-05-12 17:28:00');
insert  into `t_role_privs`(`id`,`role_id`,`priv_id`,`creator`,`updater`,`create_date`,`last_update_date`) values (675,54,'01503','DBA','DBA','2021-05-12 17:28:00','2021-05-12 17:28:00');
insert  into `t_role_privs`(`id`,`role_id`,`priv_id`,`creator`,`updater`,`create_date`,`last_update_date`) values (678,54,'01504','DBA','DBA','2021-05-12 17:28:00','2021-05-12 17:28:00');
insert  into `t_role_privs`(`id`,`role_id`,`priv_id`,`creator`,`updater`,`create_date`,`last_update_date`) values (681,57,'01101','DBA','DBA','2021-05-14 00:33:53','2021-05-14 00:33:53');
insert  into `t_role_privs`(`id`,`role_id`,`priv_id`,`creator`,`updater`,`create_date`,`last_update_date`) values (684,57,'01102','DBA','DBA','2021-05-14 00:33:53','2021-05-14 00:33:53');
insert  into `t_role_privs`(`id`,`role_id`,`priv_id`,`creator`,`updater`,`create_date`,`last_update_date`) values (687,57,'01103','DBA','DBA','2021-05-14 00:33:54','2021-05-14 00:33:54');
insert  into `t_role_privs`(`id`,`role_id`,`priv_id`,`creator`,`updater`,`create_date`,`last_update_date`) values (690,57,'01104','DBA','DBA','2021-05-14 00:33:54','2021-05-14 00:33:54');
insert  into `t_role_privs`(`id`,`role_id`,`priv_id`,`creator`,`updater`,`create_date`,`last_update_date`) values (693,57,'01105','DBA','DBA','2021-05-14 00:33:54','2021-05-14 00:33:54');
insert  into `t_role_privs`(`id`,`role_id`,`priv_id`,`creator`,`updater`,`create_date`,`last_update_date`) values (696,57,'01108','DBA','DBA','2021-05-14 00:33:54','2021-05-14 00:33:54');
insert  into `t_role_privs`(`id`,`role_id`,`priv_id`,`creator`,`updater`,`create_date`,`last_update_date`) values (699,57,'01109','DBA','DBA','2021-05-14 00:33:55','2021-05-14 00:33:55');
insert  into `t_role_privs`(`id`,`role_id`,`priv_id`,`creator`,`updater`,`create_date`,`last_update_date`) values (702,57,'01501','DBA','DBA','2021-05-14 00:33:55','2021-05-14 00:33:55');
insert  into `t_role_privs`(`id`,`role_id`,`priv_id`,`creator`,`updater`,`create_date`,`last_update_date`) values (705,57,'01502','DBA','DBA','2021-05-14 00:33:55','2021-05-14 00:33:55');
insert  into `t_role_privs`(`id`,`role_id`,`priv_id`,`creator`,`updater`,`create_date`,`last_update_date`) values (708,57,'01503','DBA','DBA','2021-05-14 00:33:56','2021-05-14 00:33:56');
insert  into `t_role_privs`(`id`,`role_id`,`priv_id`,`creator`,`updater`,`create_date`,`last_update_date`) values (711,57,'01504','DBA','DBA','2021-05-14 00:33:56','2021-05-14 00:33:56');

/*Table structure for table `t_server` */

CREATE TABLE `t_server` (
  `id` int(11) NOT NULL AUTO_INCREMENT,
  `market_id` varchar(100) NOT NULL DEFAULT '' COMMENT '项目编码',
  `server_type` varchar(10) NOT NULL DEFAULT '' COMMENT '服务器类型',
  `server_desc` varchar(50) NOT NULL DEFAULT '' COMMENT '服务器描述',
  `server_auth` varchar(50) NOT NULL DEFAULT '' COMMENT '认证方式',
  `server_ip` varchar(50) NOT NULL DEFAULT '' COMMENT '服务器IP',
  `server_port` varchar(20) NOT NULL DEFAULT '' COMMENT '服务器端口',
  `server_user` varchar(100) NOT NULL DEFAULT '' COMMENT '用户',
  `server_pass` varchar(200) NOT NULL DEFAULT '' COMMENT '密码',
  `server_keys` tinytext NOT NULL COMMENT '密钥',
  `server_os` varchar(50) NOT NULL DEFAULT '' COMMENT '操作系统类型',
  `server_cpu` varchar(20) NOT NULL DEFAULT '' COMMENT 'cpu核数',
  `server_mem` varchar(20) NOT NULL DEFAULT '' COMMENT '内存大小',
  `status` varchar(50) NOT NULL DEFAULT '' COMMENT '服务器状态',
  `creator` varchar(10) NOT NULL DEFAULT '' COMMENT '创建者',
  `updater` varchar(10) NOT NULL DEFAULT '' COMMENT '更新者',
  `create_date` datetime NOT NULL COMMENT '创建时间',
  `last_update_date` datetime NOT NULL COMMENT '修改时间',
  PRIMARY KEY (`id`)
) ENGINE=InnoDB AUTO_INCREMENT=168 DEFAULT CHARSET=utf8mb4;

/*Data for the table `t_server` */

insert  into `t_server`(`id`,`market_id`,`server_type`,`server_desc`,`server_auth`,`server_ip`,`server_port`,`server_user`,`server_pass`,`server_keys`,`server_os`,`server_cpu`,`server_mem`,`status`,`creator`,`updater`,`create_date`,`last_update_date`) values (15,'992','1','合生通内网备份服务器','','10.2.39.59','65508','hopson','7EF92B23DBE48D2996886B444D40308A','','CentOS','4核','12G','1','DBA','DBA','2021-05-21 16:18:50','2021-05-21 16:18:50');
insert  into `t_server`(`id`,`market_id`,`server_type`,`server_desc`,`server_auth`,`server_ip`,`server_port`,`server_user`,`server_pass`,`server_keys`,`server_os`,`server_cpu`,`server_mem`,`status`,`creator`,`updater`,`create_date`,`last_update_date`) values (17,'993','1','合生通生产备份服务器','','47.94.197.105','65508','hopson','7EF92B23DBE48D2996886B444D40308A','','CentOS','8核','16G','1','DBA','DBA','2021-05-21 16:18:50','2021-05-21 16:18:50');
insert  into `t_server`(`id`,`market_id`,`server_type`,`server_desc`,`server_auth`,`server_ip`,`server_port`,`server_user`,`server_pass`,`server_keys`,`server_os`,`server_cpu`,`server_mem`,`status`,`creator`,`updater`,`create_date`,`last_update_date`) values (18,'218','2','北京朝阳合生汇同步服务器','','10.16.34.14','65508','hopson','7EF92B23DBE48D2996886B444D40308A','','CentOS','2核','18G','1','DBA','DBA','2021-05-21 16:18:50','2021-05-21 16:18:50');
insert  into `t_server`(`id`,`market_id`,`server_type`,`server_desc`,`server_auth`,`server_ip`,`server_port`,`server_user`,`server_pass`,`server_keys`,`server_os`,`server_cpu`,`server_mem`,`status`,`creator`,`updater`,`create_date`,`last_update_date`) values (19,'110','2','上海五角场同步服务器','','10.61.101.251','65508','hopson','7EF92B23DBE48D2996886B444D40308A','','CentOS','4核','14G','1','DBA','DBA','2021-05-21 16:18:50','2021-05-21 16:18:50');
insert  into `t_server`(`id`,`market_id`,`server_type`,`server_desc`,`server_auth`,`server_ip`,`server_port`,`server_user`,`server_pass`,`server_keys`,`server_os`,`server_cpu`,`server_mem`,`status`,`creator`,`updater`,`create_date`,`last_update_date`) values (20,'108','2','成都珠江广场同步服务器','','10.28.8.233','65508','hopson','7EF92B23DBE48D2996886B444D40308A','','CentOS','2核','14G','1','DBA','DBA','2021-05-21 16:18:50','2021-05-21 16:18:50');
insert  into `t_server`(`id`,`market_id`,`server_type`,`server_desc`,`server_auth`,`server_ip`,`server_port`,`server_user`,`server_pass`,`server_keys`,`server_os`,`server_cpu`,`server_mem`,`status`,`creator`,`updater`,`create_date`,`last_update_date`) values (21,'132','2','广州嘉和南同步服务器','','10.25.128.84','65508','hopson','7EF92B23DBE48D2996886B444D40308A','','CentOS','2核','14G','1','DBA','DBA','2021-05-21 16:18:50','2021-05-21 16:18:50');
insert  into `t_server`(`id`,`market_id`,`server_type`,`server_desc`,`server_auth`,`server_ip`,`server_port`,`server_user`,`server_pass`,`server_keys`,`server_os`,`server_cpu`,`server_mem`,`status`,`creator`,`updater`,`create_date`,`last_update_date`) values (22,'234','2','上海青浦米格同步服务器','','10.5.3.26','65508','hopson','7EF92B23DBE48D2996886B444D40308A','','CentOS','8核','12G','1','DBA','DBA','2021-05-21 16:18:50','2021-05-21 16:18:50');
insert  into `t_server`(`id`,`market_id`,`server_type`,`server_desc`,`server_auth`,`server_ip`,`server_port`,`server_user`,`server_pass`,`server_keys`,`server_os`,`server_cpu`,`server_mem`,`status`,`creator`,`updater`,`create_date`,`last_update_date`) values (23,'150','2','广州合生骏景广场同步服务器','','10.19.72.205','65508','hopson','7EF92B23DBE48D2996886B444D40308A','','CentOS','2核','10G','1','DBA','DBA','2021-05-21 16:18:50','2021-05-21 16:18:50');
insert  into `t_server`(`id`,`market_id`,`server_type`,`server_desc`,`server_auth`,`server_ip`,`server_port`,`server_user`,`server_pass`,`server_keys`,`server_os`,`server_cpu`,`server_mem`,`status`,`creator`,`updater`,`create_date`,`last_update_date`) values (24,'10230','2','西安时代广场同步服务器','','10.43.128.185','65508','hopson','7EF92B23DBE48D2996886B444D40308A','','CentOS','2核','12G','1','DBA','DBA','2021-05-21 16:18:50','2021-05-21 16:18:50');
insert  into `t_server`(`id`,`market_id`,`server_type`,`server_desc`,`server_auth`,`server_ip`,`server_port`,`server_user`,`server_pass`,`server_keys`,`server_os`,`server_cpu`,`server_mem`,`status`,`creator`,`updater`,`create_date`,`last_update_date`) values (25,'20229','2','广州珠江国际纺织城同步服务器','','gzfzcpark.hopsontong.com','60023','hopson','7EF92B23DBE48D2996886B444D40308A','','CentOS','2核','6G','1','DBA','DBA','2021-05-21 16:18:50','2021-05-21 16:18:50');
insert  into `t_server`(`id`,`market_id`,`server_type`,`server_desc`,`server_auth`,`server_ip`,`server_port`,`server_user`,`server_pass`,`server_keys`,`server_os`,`server_cpu`,`server_mem`,`status`,`creator`,`updater`,`create_date`,`last_update_date`) values (26,'213','2','合生新天地同步服务器','','bjwjqlspark.hopsontong.com','61036','hopson','7EF92B23DBE48D2996886B444D40308A','','CentOS','2核','12G','1','DBA','DBA','2021-05-21 16:18:50','2021-05-21 16:18:50');
insert  into `t_server`(`id`,`market_id`,`server_type`,`server_desc`,`server_auth`,`server_ip`,`server_port`,`server_user`,`server_pass`,`server_keys`,`server_os`,`server_cpu`,`server_mem`,`status`,`creator`,`updater`,`create_date`,`last_update_date`) values (27,'194','2','广州南方花园同步服务器','','10.19.53.205','65508','hopson','7EF92B23DBE48D2996886B444D40308A','','CentOS','2核','6G','1','DBA','DBA','2021-05-21 16:18:50','2021-05-21 16:18:50');
insert  into `t_server`(`id`,`market_id`,`server_type`,`server_desc`,`server_auth`,`server_ip`,`server_port`,`server_user`,`server_pass`,`server_keys`,`server_os`,`server_cpu`,`server_mem`,`status`,`creator`,`updater`,`create_date`,`last_update_date`) values (28,'188','2','广州越华珠江广场同步服务器','','gzyhpark.hopsontong.com','60083','hopson','7EF92B23DBE48D2996886B444D40308A','','CentOS','2核','6G','1','DBA','DBA','2021-05-21 16:18:50','2021-05-21 16:18:50');
insert  into `t_server`(`id`,`market_id`,`server_type`,`server_desc`,`server_auth`,`server_ip`,`server_port`,`server_user`,`server_pass`,`server_keys`,`server_os`,`server_cpu`,`server_mem`,`status`,`creator`,`updater`,`create_date`,`last_update_date`) values (29,'145','2','广州珠江投资大厦同步服务器','','10.19.42.205','65508','hopson','7EF92B23DBE48D2996886B444D40308A','','CentOS','2核','6G','1','DBA','DBA','2021-05-21 16:18:50','2021-05-21 16:18:50');
insert  into `t_server`(`id`,`market_id`,`server_type`,`server_desc`,`server_auth`,`server_ip`,`server_port`,`server_user`,`server_pass`,`server_keys`,`server_os`,`server_cpu`,`server_mem`,`status`,`creator`,`updater`,`create_date`,`last_update_date`) values (30,'141','2','北京合生财富广场同步服务器','','bjcfpark.hopsontong.com','60133','hopson','7EF92B23DBE48D2996886B444D40308A','','CentOS','2核','8G','1','DBA','DBA','2021-05-21 16:18:50','2021-05-21 16:18:50');
insert  into `t_server`(`id`,`market_id`,`server_type`,`server_desc`,`server_auth`,`server_ip`,`server_port`,`server_user`,`server_pass`,`server_keys`,`server_os`,`server_cpu`,`server_mem`,`status`,`creator`,`updater`,`create_date`,`last_update_date`) values (31,'999','2','合生通生产云同步中转服务器','','47.94.197.105','65508','hopson','7EF92B23DBE48D2996886B444D40308A','','CentoS','8核','16G','1','DBA','DBA','2021-05-21 16:18:50','2021-05-21 16:18:50');
insert  into `t_server`(`id`,`market_id`,`server_type`,`server_desc`,`server_auth`,`server_ip`,`server_port`,`server_user`,`server_pass`,`server_keys`,`server_os`,`server_cpu`,`server_mem`,`status`,`creator`,`updater`,`create_date`,`last_update_date`) values (34,'164','2','北京合生广场同步服务器','','10.16.33.10','65508','hopson','7EF92B23DBE48D2996886B444D40308A','','CentOS','4核','10G','1','DBA','DBA','2021-05-21 16:18:50','2021-05-21 16:18:50');
insert  into `t_server`(`id`,`market_id`,`server_type`,`server_desc`,`server_auth`,`server_ip`,`server_port`,`server_user`,`server_pass`,`server_keys`,`server_os`,`server_cpu`,`server_mem`,`status`,`creator`,`updater`,`create_date`,`last_update_date`) values (35,'994','2','合生通业务库同步服务器','','39.106.226.140','65508','hopson','7EF92B23DBE48D2996886B444D40308A','','CentOS','4核','32G','1','DBA','DBA','2021-05-21 16:18:50','2021-05-21 16:18:50');
insert  into `t_server`(`id`,`market_id`,`server_type`,`server_desc`,`server_auth`,`server_ip`,`server_port`,`server_user`,`server_pass`,`server_keys`,`server_os`,`server_cpu`,`server_mem`,`status`,`creator`,`updater`,`create_date`,`last_update_date`) values (36,'001','1','好房生产备份服务器','','39.97.248.7','65508','hopson','5EA4502B6EB2484D256754E34DBDA4C4','','CentOS','8核','16G','1','DBA','DBA','2021-05-21 16:18:50','2021-05-21 16:18:50');
insert  into `t_server`(`id`,`market_id`,`server_type`,`server_desc`,`server_auth`,`server_ip`,`server_port`,`server_user`,`server_pass`,`server_keys`,`server_os`,`server_cpu`,`server_mem`,`status`,`creator`,`updater`,`create_date`,`last_update_date`) values (37,'995','2','合生通内网同步服务器','','10.2.39.59','65508','hopson','7EF92B23DBE48D2996886B444D40308A','','CentOS','4核','12G','1','DBA','DBA','2021-05-21 16:18:50','2021-05-21 16:18:50');
insert  into `t_server`(`id`,`market_id`,`server_type`,`server_desc`,`server_auth`,`server_ip`,`server_port`,`server_user`,`server_pass`,`server_keys`,`server_os`,`server_cpu`,`server_mem`,`status`,`creator`,`updater`,`create_date`,`last_update_date`) values (38,'237','2','广州增城同步服务器','','10.5.232.214','65508','hopson','7EF92B23DBE48D2996886B444D40308A','','CentOS','4核','16G','1','DBA','DBA','2021-05-21 16:18:50','2021-05-21 16:18:50');
insert  into `t_server`(`id`,`market_id`,`server_type`,`server_desc`,`server_auth`,`server_ip`,`server_port`,`server_user`,`server_pass`,`server_keys`,`server_os`,`server_cpu`,`server_mem`,`status`,`creator`,`updater`,`create_date`,`last_update_date`) values (39,'003','2','大数据开发同步服务器','','10.2.39.185','65508','hopson','7EF92B23DBE48D2996886B444D40308A','','CentOS','4核','32G','1','DBA','DBA','2021-05-21 16:18:50','2021-05-21 16:18:50');
insert  into `t_server`(`id`,`market_id`,`server_type`,`server_desc`,`server_auth`,`server_ip`,`server_port`,`server_user`,`server_pass`,`server_keys`,`server_os`,`server_cpu`,`server_mem`,`status`,`creator`,`updater`,`create_date`,`last_update_date`) values (40,'003','2','大数据测试同步服务器','','10.2.39.83','65508','hopson','7EF92B23DBE48D2996886B444D40308A','','CentOS','4核','32G','1','DBA','DBA','2021-05-21 16:18:50','2021-05-21 16:18:50');
insert  into `t_server`(`id`,`market_id`,`server_type`,`server_desc`,`server_auth`,`server_ip`,`server_port`,`server_user`,`server_pass`,`server_keys`,`server_os`,`server_cpu`,`server_mem`,`status`,`creator`,`updater`,`create_date`,`last_update_date`) values (41,'003','2','大数据生产同步服务器','','39.97.190.61','65508','hopson','7EF92B23DBE48D2996886B444D40308A','','CentOS','4核','32G','1','DBA','DBA','2021-05-21 16:18:50','2021-05-21 16:18:50');
insert  into `t_server`(`id`,`market_id`,`server_type`,`server_desc`,`server_auth`,`server_ip`,`server_port`,`server_user`,`server_pass`,`server_keys`,`server_os`,`server_cpu`,`server_mem`,`status`,`creator`,`updater`,`create_date`,`last_update_date`) values (43,'777','2','集团同步服务器','','10.2.39.27','65508','hopson','7EF92B23DBE48D2996886B444D40308A','','CentOS','1核','6G','0','DBA','DBA','2021-05-21 16:18:50','2021-05-21 16:18:50');
insert  into `t_server`(`id`,`market_id`,`server_type`,`server_desc`,`server_auth`,`server_ip`,`server_port`,`server_user`,`server_pass`,`server_keys`,`server_os`,`server_cpu`,`server_mem`,`status`,`creator`,`updater`,`create_date`,`last_update_date`) values (45,'000','3','合生通生产[maoku-mongodb-1]','','39.106.184.57','65508','hopson','7EF92B23DBE48D2996886B444D40308A','','CentOS','4核','16G','1','DBA','DBA','2021-05-21 16:18:50','2021-05-21 16:18:50');
insert  into `t_server`(`id`,`market_id`,`server_type`,`server_desc`,`server_auth`,`server_ip`,`server_port`,`server_user`,`server_pass`,`server_keys`,`server_os`,`server_cpu`,`server_mem`,`status`,`creator`,`updater`,`create_date`,`last_update_date`) values (46,'000','3','合生通生产[maoku-mongodb-2]','','39.96.30.168','65508','hopson','7EF92B23DBE48D2996886B444D40308A','','CentOS','4核','8G','1','DBA','DBA','2021-05-21 16:18:50','2021-05-21 16:18:50');
insert  into `t_server`(`id`,`market_id`,`server_type`,`server_desc`,`server_auth`,`server_ip`,`server_port`,`server_user`,`server_pass`,`server_keys`,`server_os`,`server_cpu`,`server_mem`,`status`,`creator`,`updater`,`create_date`,`last_update_date`) values (47,'000','3','合生通生产[maoku-mongodb-3]','','39.96.14.108','65508','hopson','7EF92B23DBE48D2996886B444D40308A','','CentOS','4核','8G','1','DBA','DBA','2021-05-21 16:18:50','2021-05-21 16:18:50');
insert  into `t_server`(`id`,`market_id`,`server_type`,`server_desc`,`server_auth`,`server_ip`,`server_port`,`server_user`,`server_pass`,`server_keys`,`server_os`,`server_cpu`,`server_mem`,`status`,`creator`,`updater`,`create_date`,`last_update_date`) values (48,'000','3','合生通预生产[pred-1]','','39.107.236.63','65508','hopson','7EF92B23DBE48D2996886B444D40308A','32423434','CentOS','4核','32G','1','DBA','DBA','2021-05-21 16:18:50','2021-05-21 17:28:57');
insert  into `t_server`(`id`,`market_id`,`server_type`,`server_desc`,`server_auth`,`server_ip`,`server_port`,`server_user`,`server_pass`,`server_keys`,`server_os`,`server_cpu`,`server_mem`,`status`,`creator`,`updater`,`create_date`,`last_update_date`) values (49,'000','3','合生通预生产[pred-5]','','39.107.70.55','65508','hopson','7EF92B23DBE48D2996886B444D40308A','','CentOS','4核','32G','1','DBA','DBA','2021-05-21 16:18:50','2021-05-21 16:18:50');
insert  into `t_server`(`id`,`market_id`,`server_type`,`server_desc`,`server_auth`,`server_ip`,`server_port`,`server_user`,`server_pass`,`server_keys`,`server_os`,`server_cpu`,`server_mem`,`status`,`creator`,`updater`,`create_date`,`last_update_date`) values (50,'000','3','合生通预生产[pred-7]','','47.94.208.172','65508','hopson','7EF92B23DBE48D2996886B444D40308A','','CentOS','4核','32G','1','DBA','DBA','2021-05-21 16:18:50','2021-05-21 16:18:50');
insert  into `t_server`(`id`,`market_id`,`server_type`,`server_desc`,`server_auth`,`server_ip`,`server_port`,`server_user`,`server_pass`,`server_keys`,`server_os`,`server_cpu`,`server_mem`,`status`,`creator`,`updater`,`create_date`,`last_update_date`) values (51,'170','2','广州嘉和北同步服务器','','10.25.128.84','65508','hopson','7EF92B23DBE48D2996886B444D40308A','','CentOS','2核','14G','1','DBA','DBA','2021-05-21 16:18:50','2021-05-21 16:18:50');
insert  into `t_server`(`id`,`market_id`,`server_type`,`server_desc`,`server_auth`,`server_ip`,`server_port`,`server_user`,`server_pass`,`server_keys`,`server_os`,`server_cpu`,`server_mem`,`status`,`creator`,`updater`,`create_date`,`last_update_date`) values (52,'000','3','合生通开发[kaifa-1]','','10.2.39.40','22','hopson','7EF92B23DBE48D2996886B444D40308A','111','CentOS','4核','12G','1','DBA','DBA','2021-05-21 16:18:50','2021-05-21 17:29:23');
insert  into `t_server`(`id`,`market_id`,`server_type`,`server_desc`,`server_auth`,`server_ip`,`server_port`,`server_user`,`server_pass`,`server_keys`,`server_os`,`server_cpu`,`server_mem`,`status`,`creator`,`updater`,`create_date`,`last_update_date`) values (54,'000','3','合生通测试[test-11]','','10.2.39.80','65508','hopson','7EF92B23DBE48D2996886B444D40308A','','CentOS','1核','12G','1','DBA','DBA','2021-05-21 16:18:50','2021-05-21 16:18:50');
insert  into `t_server`(`id`,`market_id`,`server_type`,`server_desc`,`server_auth`,`server_ip`,`server_port`,`server_user`,`server_pass`,`server_keys`,`server_os`,`server_cpu`,`server_mem`,`status`,`creator`,`updater`,`create_date`,`last_update_date`) values (55,'000','3','合生通测试[test-7]','','10.2.39.76','65508','hopson','7EF92B23DBE48D2996886B444D40308A','','CentOS','1核','12G','1','DBA','DBA','2021-05-21 16:18:50','2021-05-21 16:18:50');
insert  into `t_server`(`id`,`market_id`,`server_type`,`server_desc`,`server_auth`,`server_ip`,`server_port`,`server_user`,`server_pass`,`server_keys`,`server_os`,`server_cpu`,`server_mem`,`status`,`creator`,`updater`,`create_date`,`last_update_date`) values (56,'000','3','合生通开发[kaifa-2]','','10.2.39.41','22','hopson','7EF92B23DBE48D2996886B444D40308A','','CentOS','4核','12G','1','DBA','DBA','2021-05-21 16:18:50','2021-05-21 16:18:50');
insert  into `t_server`(`id`,`market_id`,`server_type`,`server_desc`,`server_auth`,`server_ip`,`server_port`,`server_user`,`server_pass`,`server_keys`,`server_os`,`server_cpu`,`server_mem`,`status`,`creator`,`updater`,`create_date`,`last_update_date`) values (57,'000','3','合生通开发[kaifa-3]','1','10.2.39.42','22','hopson','7EF92B23DBE48D2996886B444D40308A','1111','CentOS','4核','12G','1','DBA','DBA','2021-05-21 16:18:50','2021-05-21 17:34:03');
insert  into `t_server`(`id`,`market_id`,`server_type`,`server_desc`,`server_auth`,`server_ip`,`server_port`,`server_user`,`server_pass`,`server_keys`,`server_os`,`server_cpu`,`server_mem`,`status`,`creator`,`updater`,`create_date`,`last_update_date`) values (58,'000','3','合生通开发[kaifa-4]','','10.2.39.43','22','hopson','7EF92B23DBE48D2996886B444D40308A','','CentOS','4核','12G','1','DBA','DBA','2021-05-21 16:18:50','2021-05-21 16:18:50');
insert  into `t_server`(`id`,`market_id`,`server_type`,`server_desc`,`server_auth`,`server_ip`,`server_port`,`server_user`,`server_pass`,`server_keys`,`server_os`,`server_cpu`,`server_mem`,`status`,`creator`,`updater`,`create_date`,`last_update_date`) values (59,'000','3','合生通测试[test-2]','','10.2.39.71','65508','hopson','7EF92B23DBE48D2996886B444D40308A','','CentOS','1核','8G','1','DBA','DBA','2021-05-21 16:18:50','2021-05-21 16:18:50');
insert  into `t_server`(`id`,`market_id`,`server_type`,`server_desc`,`server_auth`,`server_ip`,`server_port`,`server_user`,`server_pass`,`server_keys`,`server_os`,`server_cpu`,`server_mem`,`status`,`creator`,`updater`,`create_date`,`last_update_date`) values (60,'000','3','合生通测试[test-3]','','10.2.39.72','65508','hopson','7EF92B23DBE48D2996886B444D40308A','','CentOS','1核','8G','1','DBA','DBA','2021-05-21 16:18:50','2021-05-21 16:18:50');
insert  into `t_server`(`id`,`market_id`,`server_type`,`server_desc`,`server_auth`,`server_ip`,`server_port`,`server_user`,`server_pass`,`server_keys`,`server_os`,`server_cpu`,`server_mem`,`status`,`creator`,`updater`,`create_date`,`last_update_date`) values (61,'000','3','合生通测试[test-4]','','10.2.39.73','65508','hopson','7EF92B23DBE48D2996886B444D40308A','','CentOS','1核','8G','1','DBA','DBA','2021-05-21 16:18:50','2021-05-21 16:18:50');
insert  into `t_server`(`id`,`market_id`,`server_type`,`server_desc`,`server_auth`,`server_ip`,`server_port`,`server_user`,`server_pass`,`server_keys`,`server_os`,`server_cpu`,`server_mem`,`status`,`creator`,`updater`,`create_date`,`last_update_date`) values (62,'000','3','合生通测试[test-1]','','10.2.39.70','65508','hopson','7EF92B23DBE48D2996886B444D40308A','','CentOS','2核','20G','1','DBA','DBA','2021-05-21 16:18:50','2021-05-21 16:18:50');
insert  into `t_server`(`id`,`market_id`,`server_type`,`server_desc`,`server_auth`,`server_ip`,`server_port`,`server_user`,`server_pass`,`server_keys`,`server_os`,`server_cpu`,`server_mem`,`status`,`creator`,`updater`,`create_date`,`last_update_date`) values (64,'001','2','好房生产同步服务器','','39.97.248.7','65508','hopson','5EA4502B6EB2484D256754E34DBDA4C4','','CentOS','8核','16G','1','DBA','DBA','2021-05-21 16:18:50','2021-05-21 16:18:50');
insert  into `t_server`(`id`,`market_id`,`server_type`,`server_desc`,`server_auth`,`server_ip`,`server_port`,`server_user`,`server_pass`,`server_keys`,`server_os`,`server_cpu`,`server_mem`,`status`,`creator`,`updater`,`create_date`,`last_update_date`) values (65,'003','3','平台组[dp-dev-biz-mysql]','','10.2.39.194','65508','hopson','7EF92B23DBE48D2996886B444D40308A','','CentOS','2核','8G','1','DBA','DBA','2021-05-21 16:18:50','2021-05-21 16:18:50');
insert  into `t_server`(`id`,`market_id`,`server_type`,`server_desc`,`server_auth`,`server_ip`,`server_port`,`server_user`,`server_pass`,`server_keys`,`server_os`,`server_cpu`,`server_mem`,`status`,`creator`,`updater`,`create_date`,`last_update_date`) values (66,'003','3','平台组[dp-test-biz-mysql]','','10.2.39.195','65508','hopson','7EF92B23DBE48D2996886B444D40308A','','CentOS','2核','8G','1','DBA','DBA','2021-05-21 16:18:50','2021-05-21 16:18:50');
insert  into `t_server`(`id`,`market_id`,`server_type`,`server_desc`,`server_auth`,`server_ip`,`server_port`,`server_user`,`server_pass`,`server_keys`,`server_os`,`server_cpu`,`server_mem`,`status`,`creator`,`updater`,`create_date`,`last_update_date`) values (67,'003','3','平台组-大数据开发[dev-hadoop-1]','','10.2.39.165','65508','hopson','7EF92B23DBE48D2996886B444D40308A','','CentOS','4核','32G','1','DBA','DBA','2021-05-21 16:18:50','2021-05-21 16:18:50');
insert  into `t_server`(`id`,`market_id`,`server_type`,`server_desc`,`server_auth`,`server_ip`,`server_port`,`server_user`,`server_pass`,`server_keys`,`server_os`,`server_cpu`,`server_mem`,`status`,`creator`,`updater`,`create_date`,`last_update_date`) values (68,'003','3','平台组-大数据测试[test-hadoop-1]','','10.2.39.84','65508','hopson','7EF92B23DBE48D2996886B444D40308A','','CentOS','4核','32G','1','DBA','DBA','2021-05-21 16:18:50','2021-05-21 16:18:50');
insert  into `t_server`(`id`,`market_id`,`server_type`,`server_desc`,`server_auth`,`server_ip`,`server_port`,`server_user`,`server_pass`,`server_keys`,`server_os`,`server_cpu`,`server_mem`,`status`,`creator`,`updater`,`create_date`,`last_update_date`) values (69,'003','3','平台组-大数据生产[pro-hadoop-1]','','39.97.228.245','65508','hopson','7EF92B23DBE48D2996886B444D40308A','','CentOS','4核','32G','1','DBA','DBA','2021-05-21 16:18:50','2021-05-21 16:18:50');
insert  into `t_server`(`id`,`market_id`,`server_type`,`server_desc`,`server_auth`,`server_ip`,`server_port`,`server_user`,`server_pass`,`server_keys`,`server_os`,`server_cpu`,`server_mem`,`status`,`creator`,`updater`,`create_date`,`last_update_date`) values (70,'207','2','北京德胜财富同步服务器','','bjdespark.hopsontong.com','60123','hopson','7EF92B23DBE48D2996886B444D40308A','','CentOS','2核','12G','1','DBA','DBA','2021-05-21 16:18:50','2021-05-21 16:18:50');
insert  into `t_server`(`id`,`market_id`,`server_type`,`server_desc`,`server_auth`,`server_ip`,`server_port`,`server_user`,`server_pass`,`server_keys`,`server_os`,`server_cpu`,`server_mem`,`status`,`creator`,`updater`,`create_date`,`last_update_date`) values (71,'000','2','上海海云天同步服务器','','shhytpark.hopsontong.com','60113','hopson','7EF92B23DBE48D2996886B444D40308A','','CentOS','4核','12G','1','DBA','DBA','2021-05-21 16:18:50','2021-05-21 16:18:50');
insert  into `t_server`(`id`,`market_id`,`server_type`,`server_desc`,`server_auth`,`server_ip`,`server_port`,`server_user`,`server_pass`,`server_keys`,`server_os`,`server_cpu`,`server_mem`,`status`,`creator`,`updater`,`create_date`,`last_update_date`) values (72,'249','2','上海茶岸园同步服务器','','shcacpark.hopsontong.com','60103','hopson','7EF92B23DBE48D2996886B444D40308A','','CentOS','2核','12G','1','DBA','DBA','2021-05-21 16:18:50','2021-05-21 16:18:50');
insert  into `t_server`(`id`,`market_id`,`server_type`,`server_desc`,`server_auth`,`server_ip`,`server_port`,`server_user`,`server_pass`,`server_keys`,`server_os`,`server_cpu`,`server_mem`,`status`,`creator`,`updater`,`create_date`,`last_update_date`) values (73,'159','2','上海静安珠江创意中心同步服务器','','shjazjpark.hopsontong.com','60153','hopson','7EF92B23DBE48D2996886B444D40308A','','CentOS','4核','12G','1','DBA','DBA','2021-05-21 16:18:50','2021-05-21 16:18:50');
insert  into `t_server`(`id`,`market_id`,`server_type`,`server_desc`,`server_auth`,`server_ip`,`server_port`,`server_user`,`server_pass`,`server_keys`,`server_os`,`server_cpu`,`server_mem`,`status`,`creator`,`updater`,`create_date`,`last_update_date`) values (75,'203','2','杭州科华同步服务器','','hzkhpark.hopsontong.com','60014','hopson','7EF92B23DBE48D2996886B444D40308A','','CentOS','2核','12G','1','DBA','DBA','2021-05-21 16:18:50','2021-05-21 16:18:50');
insert  into `t_server`(`id`,`market_id`,`server_type`,`server_desc`,`server_auth`,`server_ip`,`server_port`,`server_user`,`server_pass`,`server_keys`,`server_os`,`server_cpu`,`server_mem`,`status`,`creator`,`updater`,`create_date`,`last_update_date`) values (76,'666','1','商管-投资系统数据库','','47.92.66.115','65508','hopson','7EF92B23DBE48D2996886B444D40308A','','CentOS','8核','16G','1','DBA','DBA','2021-05-21 16:18:50','2021-05-21 16:18:50');
insert  into `t_server`(`id`,`market_id`,`server_type`,`server_desc`,`server_auth`,`server_ip`,`server_port`,`server_user`,`server_pass`,`server_keys`,`server_os`,`server_cpu`,`server_mem`,`status`,`creator`,`updater`,`create_date`,`last_update_date`) values (77,'666','1','商管-OA系统数据库','','172.26.29.48','22','root','B32B63E6C62A71484008F811F7E4C9CD','','CentOS','24核','20G','1','DBA','DBA','2021-05-21 16:18:50','2021-05-21 16:18:50');
insert  into `t_server`(`id`,`market_id`,`server_type`,`server_desc`,`server_auth`,`server_ip`,`server_port`,`server_user`,`server_pass`,`server_keys`,`server_os`,`server_cpu`,`server_mem`,`status`,`creator`,`updater`,`create_date`,`last_update_date`) values (79,'666','1','商管-BI系统数据库','','172.26.29.65','22','administrator','018812472ADF0C633CAC6367C855974D','','Windows','16核','32G','1','DBA','DBA','2021-05-21 16:18:50','2021-05-21 16:18:50');
insert  into `t_server`(`id`,`market_id`,`server_type`,`server_desc`,`server_auth`,`server_ip`,`server_port`,`server_user`,`server_pass`,`server_keys`,`server_os`,`server_cpu`,`server_mem`,`status`,`creator`,`updater`,`create_date`,`last_update_date`) values (80,'666','1','商管-乐软系统数据库','','172.26.29.44','22','administrator','13280EAB002EBBE0A6BB43F392C95E11','','Windows','8核','32G','1','DBA','DBA','2021-05-21 16:18:50','2021-05-21 16:18:50');
insert  into `t_server`(`id`,`market_id`,`server_type`,`server_desc`,`server_auth`,`server_ip`,`server_port`,`server_user`,`server_pass`,`server_keys`,`server_os`,`server_cpu`,`server_mem`,`status`,`creator`,`updater`,`create_date`,`last_update_date`) values (81,'666','1','商管-备份服务器','','172.26.29.101','65508','hopson','7EF92B23DBE48D2996886B444D40308A','','CentOS','4核','16G','1','DBA','DBA','2021-05-21 16:18:50','2021-05-21 16:18:50');
insert  into `t_server`(`id`,`market_id`,`server_type`,`server_desc`,`server_auth`,`server_ip`,`server_port`,`server_user`,`server_pass`,`server_keys`,`server_os`,`server_cpu`,`server_mem`,`status`,`creator`,`updater`,`create_date`,`last_update_date`) values (82,'666','4','商管-BI系统web服务器1','','172.26.29.63','22','administrator','018812472ADF0C633CAC6367C855974D','','Windows','8核','16G','1','DBA','DBA','2021-05-21 16:18:50','2021-05-21 16:18:50');
insert  into `t_server`(`id`,`market_id`,`server_type`,`server_desc`,`server_auth`,`server_ip`,`server_port`,`server_user`,`server_pass`,`server_keys`,`server_os`,`server_cpu`,`server_mem`,`status`,`creator`,`updater`,`create_date`,`last_update_date`) values (83,'666','4','商管-BI系统web服务器2','','172.26.29.64','22','administrator','018812472ADF0C633CAC6367C855974D','','Windows','16核','32G','1','DBA','DBA','2021-05-21 16:18:50','2021-05-21 16:18:50');
insert  into `t_server`(`id`,`market_id`,`server_type`,`server_desc`,`server_auth`,`server_ip`,`server_port`,`server_user`,`server_pass`,`server_keys`,`server_os`,`server_cpu`,`server_mem`,`status`,`creator`,`updater`,`create_date`,`last_update_date`) values (84,'666','4','商管-乐软系统web服务器','','172.26.29.46','22','administrator','13280EAB002EBBE0A6BB43F392C95E11','','Windows','8核','32G','1','DBA','DBA','2021-05-21 16:18:50','2021-05-21 16:18:50');
insert  into `t_server`(`id`,`market_id`,`server_type`,`server_desc`,`server_auth`,`server_ip`,`server_port`,`server_user`,`server_pass`,`server_keys`,`server_os`,`server_cpu`,`server_mem`,`status`,`creator`,`updater`,`create_date`,`last_update_date`) values (85,'666','4','商管-OA系统web服务器1','','172.26.29.49','65508','hopson','8116950D6584D841B124E8477C8E706A','','Linux','16核','64G','1','DBA','DBA','2021-05-21 16:18:50','2021-05-21 16:18:50');
insert  into `t_server`(`id`,`market_id`,`server_type`,`server_desc`,`server_auth`,`server_ip`,`server_port`,`server_user`,`server_pass`,`server_keys`,`server_os`,`server_cpu`,`server_mem`,`status`,`creator`,`updater`,`create_date`,`last_update_date`) values (86,'666','4','商管-OA系统web服务器2','','172.26.29.53','65508','hopson','8116950D6584D841B124E8477C8E706A','','Linux','16核','64G','1','DBA','DBA','2021-05-21 16:18:50','2021-05-21 16:18:50');
insert  into `t_server`(`id`,`market_id`,`server_type`,`server_desc`,`server_auth`,`server_ip`,`server_port`,`server_user`,`server_pass`,`server_keys`,`server_os`,`server_cpu`,`server_mem`,`status`,`creator`,`updater`,`create_date`,`last_update_date`) values (87,'666','4','商管-OA系统sso服务器1','','172.26.29.50','22','root','B32B63E6C62A71484008F811F7E4C9CD','','Linux','8核','16G','1','DBA','DBA','2021-05-21 16:18:50','2021-05-21 16:18:50');
insert  into `t_server`(`id`,`market_id`,`server_type`,`server_desc`,`server_auth`,`server_ip`,`server_port`,`server_user`,`server_pass`,`server_keys`,`server_os`,`server_cpu`,`server_mem`,`status`,`creator`,`updater`,`create_date`,`last_update_date`) values (88,'666','4','商管-OA系统sso服务器2','','172.26.29.51','22','root','B32B63E6C62A71484008F811F7E4C9CD','','Linux','8核','16G','1','DBA','DBA','2021-05-21 16:18:50','2021-05-21 16:18:50');
insert  into `t_server`(`id`,`market_id`,`server_type`,`server_desc`,`server_auth`,`server_ip`,`server_port`,`server_user`,`server_pass`,`server_keys`,`server_os`,`server_cpu`,`server_mem`,`status`,`creator`,`updater`,`create_date`,`last_update_date`) values (89,'666','4','商管-投资系统git服务器','','172.26.29.75','65508','hopson','7EF92B23DBE48D2996886B444D40308A','','Linux','2核','16G','1','DBA','DBA','2021-05-21 16:18:50','2021-05-21 16:18:50');
insert  into `t_server`(`id`,`market_id`,`server_type`,`server_desc`,`server_auth`,`server_ip`,`server_port`,`server_user`,`server_pass`,`server_keys`,`server_os`,`server_cpu`,`server_mem`,`status`,`creator`,`updater`,`create_date`,`last_update_date`) values (90,'666','4','商管-OA系统nginx服务器','','172.26.29.52','22','root','2E4D648C0E75F91196A6A4F95FEC21D8','','Linux','8核','16G','1','DBA','DBA','2021-05-21 16:18:50','2021-05-21 16:18:50');
insert  into `t_server`(`id`,`market_id`,`server_type`,`server_desc`,`server_auth`,`server_ip`,`server_port`,`server_user`,`server_pass`,`server_keys`,`server_os`,`server_cpu`,`server_mem`,`status`,`creator`,`updater`,`create_date`,`last_update_date`) values (91,'003','3','平台组-easebase-数据库','','10.2.39.17','65508','hopson','7EF92B23DBE48D2996886B444D40308A','','CentOS','4核','8G','1','DBA','DBA','2021-05-21 16:18:50','2021-05-21 16:18:50');
insert  into `t_server`(`id`,`market_id`,`server_type`,`server_desc`,`server_auth`,`server_ip`,`server_port`,`server_user`,`server_pass`,`server_keys`,`server_os`,`server_cpu`,`server_mem`,`status`,`creator`,`updater`,`create_date`,`last_update_date`) values (92,'666','1','商管-结算系统数据库','','172.26.29.91','22','administrator','13280EAB002EBBE0A6BB43F392C95E11','','windows2012','8核','16G','1','DBA','DBA','2021-05-21 16:18:50','2021-05-21 16:18:50');
insert  into `t_server`(`id`,`market_id`,`server_type`,`server_desc`,`server_auth`,`server_ip`,`server_port`,`server_user`,`server_pass`,`server_keys`,`server_os`,`server_cpu`,`server_mem`,`status`,`creator`,`updater`,`create_date`,`last_update_date`) values (95,'666','4','商管-结算系统应用服务器1','','172.26.29.89','22','administrator','13280EAB002EBBE0A6BB43F392C95E11','','windows2012','4核','16G','1','DBA','DBA','2021-05-21 16:18:50','2021-05-21 16:18:50');
insert  into `t_server`(`id`,`market_id`,`server_type`,`server_desc`,`server_auth`,`server_ip`,`server_port`,`server_user`,`server_pass`,`server_keys`,`server_os`,`server_cpu`,`server_mem`,`status`,`creator`,`updater`,`create_date`,`last_update_date`) values (96,'666','4','商管-结算系统应用服务器2','','172.26.29.90','22','administrator','13280EAB002EBBE0A6BB43F392C95E11','','windows2012','4核','16G','1','DBA','DBA','2021-05-21 16:18:50','2021-05-21 16:18:50');
insert  into `t_server`(`id`,`market_id`,`server_type`,`server_desc`,`server_auth`,`server_ip`,`server_port`,`server_user`,`server_pass`,`server_keys`,`server_os`,`server_cpu`,`server_mem`,`status`,`creator`,`updater`,`create_date`,`last_update_date`) values (100,'000','3','dbops测试服务器','','10.2.39.18','65508','hopson','7EF92B23DBE48D2996886B444D40308A','','CentOS','4核','16G','1','DBA','DBA','2021-05-21 16:18:50','2021-05-21 16:18:50');
insert  into `t_server`(`id`,`market_id`,`server_type`,`server_desc`,`server_auth`,`server_ip`,`server_port`,`server_user`,`server_pass`,`server_keys`,`server_os`,`server_cpu`,`server_mem`,`status`,`creator`,`updater`,`create_date`,`last_update_date`) values (102,'246','2','天津合生国际大厦服务器','','tjhsgjpark.hopsontong.com','60093','hopson','7EF92B23DBE48D2996886B444D40308A','','CentOS','2核','12','1','DBA','DBA','2021-05-21 16:18:50','2021-05-21 16:18:50');
insert  into `t_server`(`id`,`market_id`,`server_type`,`server_desc`,`server_auth`,`server_ip`,`server_port`,`server_user`,`server_pass`,`server_keys`,`server_os`,`server_cpu`,`server_mem`,`status`,`creator`,`updater`,`create_date`,`last_update_date`) values (103,'001','3','好房生产-mongo&es服务器-1','','39.97.243.93','65508','hopson','5EA4502B6EB2484D256754E34DBDA4C4','','CentOS','4核','8G','1','DBA','DBA','2021-05-21 16:18:50','2021-05-21 16:18:50');
insert  into `t_server`(`id`,`market_id`,`server_type`,`server_desc`,`server_auth`,`server_ip`,`server_port`,`server_user`,`server_pass`,`server_keys`,`server_os`,`server_cpu`,`server_mem`,`status`,`creator`,`updater`,`create_date`,`last_update_date`) values (106,'001','3','好房生产-mongo&es服务器-2','','39.107.143.130','65508','hopson','5EA4502B6EB2484D256754E34DBDA4C4','','CentOS','4核','8G','1','DBA','DBA','2021-05-21 16:18:50','2021-05-21 16:18:50');
insert  into `t_server`(`id`,`market_id`,`server_type`,`server_desc`,`server_auth`,`server_ip`,`server_port`,`server_user`,`server_pass`,`server_keys`,`server_os`,`server_cpu`,`server_mem`,`status`,`creator`,`updater`,`create_date`,`last_update_date`) values (107,'001','3','好房生产-mongo&es服务器-3','','39.107.137.120','65508','hopson','5EA4502B6EB2484D256754E34DBDA4C4','','CentOS','4核','8G','1','DBA','DBA','2021-05-21 16:18:50','2021-05-21 16:18:50');
insert  into `t_server`(`id`,`market_id`,`server_type`,`server_desc`,`server_auth`,`server_ip`,`server_port`,`server_user`,`server_pass`,`server_keys`,`server_os`,`server_cpu`,`server_mem`,`status`,`creator`,`updater`,`create_date`,`last_update_date`) values (110,'110','2','上海五角场同步服务器-新','','10.61.101.241','65508','hopson','7EF92B23DBE48D2996886B444D40308A','','CentOS','10核','30G','1','DBA','DBA','2021-05-21 16:18:50','2021-05-21 16:18:50');
insert  into `t_server`(`id`,`market_id`,`server_type`,`server_desc`,`server_auth`,`server_ip`,`server_port`,`server_user`,`server_pass`,`server_keys`,`server_os`,`server_cpu`,`server_mem`,`status`,`creator`,`updater`,`create_date`,`last_update_date`) values (111,'666','1','商管-资产租赁系统数据库','','172.26.29.70','22','administrator','13280EAB002EBBE0A6BB43F392C95E11','','Windows','16核','128G','1','DBA','DBA','2021-05-21 16:18:50','2021-05-21 16:18:50');
insert  into `t_server`(`id`,`market_id`,`server_type`,`server_desc`,`server_auth`,`server_ip`,`server_port`,`server_user`,`server_pass`,`server_keys`,`server_os`,`server_cpu`,`server_mem`,`status`,`creator`,`updater`,`create_date`,`last_update_date`) values (112,'666','3','商管-资产租赁系统只读数据库','','172.26.29.71','22','administrator','13280EAB002EBBE0A6BB43F392C95E11','','windows','16核','128G','1','DBA','DBA','2021-05-21 16:18:50','2021-05-21 16:18:50');
insert  into `t_server`(`id`,`market_id`,`server_type`,`server_desc`,`server_auth`,`server_ip`,`server_port`,`server_user`,`server_pass`,`server_keys`,`server_os`,`server_cpu`,`server_mem`,`status`,`creator`,`updater`,`create_date`,`last_update_date`) values (113,'666','4','商管-资产租赁系统-应用1','','172.26.29.68','22','administrator','13280EAB002EBBE0A6BB43F392C95E11','','windows','16核','64G','1','DBA','DBA','2021-05-21 16:18:50','2021-05-21 16:18:50');
insert  into `t_server`(`id`,`market_id`,`server_type`,`server_desc`,`server_auth`,`server_ip`,`server_port`,`server_user`,`server_pass`,`server_keys`,`server_os`,`server_cpu`,`server_mem`,`status`,`creator`,`updater`,`create_date`,`last_update_date`) values (114,'666','4','商管-资产租赁系统-应用2','','172.26.29.69','22','administrator','13280EAB002EBBE0A6BB43F392C95E11','','windows','16核','64G','1','DBA','DBA','2021-05-21 16:18:50','2021-05-21 16:18:50');
insert  into `t_server`(`id`,`market_id`,`server_type`,`server_desc`,`server_auth`,`server_ip`,`server_port`,`server_user`,`server_pass`,`server_keys`,`server_os`,`server_cpu`,`server_mem`,`status`,`creator`,`updater`,`create_date`,`last_update_date`) values (117,'666','3','商管-投资系统克隆服务器','','172.26.29.108','65508','hopson','7EF92B23DBE48D2996886B444D40308A','','CentOS','8核','16G','1','DBA','DBA','2021-05-21 16:18:50','2021-05-21 16:18:50');
insert  into `t_server`(`id`,`market_id`,`server_type`,`server_desc`,`server_auth`,`server_ip`,`server_port`,`server_user`,`server_pass`,`server_keys`,`server_os`,`server_cpu`,`server_mem`,`status`,`creator`,`updater`,`create_date`,`last_update_date`) values (118,'003','3','平台组生产-数据库平台-服务1','','10.2.39.18','65508','hopson','7EF92B23DBE48D2996886B444D40308A','','CentOS','4核','8G','1','DBA','DBA','2021-05-21 16:18:50','2021-05-21 16:18:50');
insert  into `t_server`(`id`,`market_id`,`server_type`,`server_desc`,`server_auth`,`server_ip`,`server_port`,`server_user`,`server_pass`,`server_keys`,`server_os`,`server_cpu`,`server_mem`,`status`,`creator`,`updater`,`create_date`,`last_update_date`) values (119,'003','3','平台组生产-数据库平台-服务2','','10.2.39.20','65508','hopson','7EF92B23DBE48D2996886B444D40308A','','CentOS','4核','8G','1','DBA','DBA','2021-05-21 16:18:50','2021-05-21 16:18:50');
insert  into `t_server`(`id`,`market_id`,`server_type`,`server_desc`,`server_auth`,`server_ip`,`server_port`,`server_user`,`server_pass`,`server_keys`,`server_os`,`server_cpu`,`server_mem`,`status`,`creator`,`updater`,`create_date`,`last_update_date`) values (121,'003','3','平台组生产-数据库平台-服务3','','10.2.39.21','65508','hopson','7EF92B23DBE48D2996886B444D40308A','','CentOS','4核','8G','1','DBA','DBA','2021-05-21 16:18:50','2021-05-21 16:18:50');
insert  into `t_server`(`id`,`market_id`,`server_type`,`server_desc`,`server_auth`,`server_ip`,`server_port`,`server_user`,`server_pass`,`server_keys`,`server_os`,`server_cpu`,`server_mem`,`status`,`creator`,`updater`,`create_date`,`last_update_date`) values (123,'000','3','合生通开发数据库2','','10.2.39.128','65508','hopson','7EF92B23DBE48D2996886B444D40308A','','CentOS','2核','8G','1','DBA','DBA','2021-05-21 16:18:50','2021-05-21 16:18:50');
insert  into `t_server`(`id`,`market_id`,`server_type`,`server_desc`,`server_auth`,`server_ip`,`server_port`,`server_user`,`server_pass`,`server_keys`,`server_os`,`server_cpu`,`server_mem`,`status`,`creator`,`updater`,`create_date`,`last_update_date`) values (125,'666','4','商管-招采系统uat-nginx服务器','','172.26.29.92','22','root','6AEFCF00F233E60475BD45287DB81931','','CentOS','4核','8G','1','DBA','DBA','2021-05-21 16:18:50','2021-05-21 16:18:50');
insert  into `t_server`(`id`,`market_id`,`server_type`,`server_desc`,`server_auth`,`server_ip`,`server_port`,`server_user`,`server_pass`,`server_keys`,`server_os`,`server_cpu`,`server_mem`,`status`,`creator`,`updater`,`create_date`,`last_update_date`) values (128,'666','4','商管-招采系统uat-api-2服务器','','172.26.29.98','22','root','6AEFCF00F233E60475BD45287DB81931','','CentOS','4核','8G','1','DBA','DBA','2021-05-21 16:18:50','2021-05-21 16:18:50');
insert  into `t_server`(`id`,`market_id`,`server_type`,`server_desc`,`server_auth`,`server_ip`,`server_port`,`server_user`,`server_pass`,`server_keys`,`server_os`,`server_cpu`,`server_mem`,`status`,`creator`,`updater`,`create_date`,`last_update_date`) values (130,'666','4','商管-招采系统uat-api-1服务器','','172.26.29.99','22','root','6AEFCF00F233E60475BD45287DB81931','','CentOS','4核','8G','1','DBA','DBA','2021-05-21 16:18:50','2021-05-21 16:18:50');
insert  into `t_server`(`id`,`market_id`,`server_type`,`server_desc`,`server_auth`,`server_ip`,`server_port`,`server_user`,`server_pass`,`server_keys`,`server_os`,`server_cpu`,`server_mem`,`status`,`creator`,`updater`,`create_date`,`last_update_date`) values (131,'666','1','商管-招采系统uat数据库','','172.26.29.94','22','root','6AEFCF00F233E60475BD45287DB81931','','CentOS','4核','8G','1','DBA','DBA','2021-05-21 16:18:50','2021-05-21 16:18:50');
insert  into `t_server`(`id`,`market_id`,`server_type`,`server_desc`,`server_auth`,`server_ip`,`server_port`,`server_user`,`server_pass`,`server_keys`,`server_os`,`server_cpu`,`server_mem`,`status`,`creator`,`updater`,`create_date`,`last_update_date`) values (134,'666','4','商管-招采系统prod-nginx-1服务器','','172.26.29.96','22','root','6AEFCF00F233E60475BD45287DB81931','','CentOS','4核','8G','1','DBA','DBA','2021-05-21 16:18:50','2021-05-21 16:18:50');
insert  into `t_server`(`id`,`market_id`,`server_type`,`server_desc`,`server_auth`,`server_ip`,`server_port`,`server_user`,`server_pass`,`server_keys`,`server_os`,`server_cpu`,`server_mem`,`status`,`creator`,`updater`,`create_date`,`last_update_date`) values (137,'666','4','商管-招采系统prod-nginx-2服务器','','172.26.29.97','22','root','6AEFCF00F233E60475BD45287DB81931','','CentOS','4核','8G','1','DBA','DBA','2021-05-21 16:18:50','2021-05-21 16:18:50');
insert  into `t_server`(`id`,`market_id`,`server_type`,`server_desc`,`server_auth`,`server_ip`,`server_port`,`server_user`,`server_pass`,`server_keys`,`server_os`,`server_cpu`,`server_mem`,`status`,`creator`,`updater`,`create_date`,`last_update_date`) values (138,'666','4','商管-招采系统prod-api-1服务器','','172.26.29.95','22','root','6AEFCF00F233E60475BD45287DB81931','','CentOS','4核','8G','1','DBA','DBA','2021-05-21 16:18:50','2021-05-21 16:18:50');
insert  into `t_server`(`id`,`market_id`,`server_type`,`server_desc`,`server_auth`,`server_ip`,`server_port`,`server_user`,`server_pass`,`server_keys`,`server_os`,`server_cpu`,`server_mem`,`status`,`creator`,`updater`,`create_date`,`last_update_date`) values (140,'666','4','商管-招采系统prod-api-2服务器','','172.26.29.93','22','root','6AEFCF00F233E60475BD45287DB81931','','CentOS','4核','8G','1','DBA','DBA','2021-05-21 16:18:50','2021-05-21 16:18:50');
insert  into `t_server`(`id`,`market_id`,`server_type`,`server_desc`,`server_auth`,`server_ip`,`server_port`,`server_user`,`server_pass`,`server_keys`,`server_os`,`server_cpu`,`server_mem`,`status`,`creator`,`updater`,`create_date`,`last_update_date`) values (141,'666','1','商管-招采系统prod-数据库','','172.26.29.100','22','root','6AEFCF00F233E60475BD45287DB81931','','CentOS','4核','8G','1','DBA','DBA','2021-05-21 16:18:50','2021-05-21 16:18:50');
insert  into `t_server`(`id`,`market_id`,`server_type`,`server_desc`,`server_auth`,`server_ip`,`server_port`,`server_user`,`server_pass`,`server_keys`,`server_os`,`server_cpu`,`server_mem`,`status`,`creator`,`updater`,`create_date`,`last_update_date`) values (143,'000','2','合生通生产[mongodb-1]','','39.106.104.185','65508','hopson','7EF92B23DBE48D2996886B444D40308A','','CentOS','8核','32G','1','DBA','DBA','2021-05-21 16:18:50','2021-05-21 16:18:50');
insert  into `t_server`(`id`,`market_id`,`server_type`,`server_desc`,`server_auth`,`server_ip`,`server_port`,`server_user`,`server_pass`,`server_keys`,`server_os`,`server_cpu`,`server_mem`,`status`,`creator`,`updater`,`create_date`,`last_update_date`) values (146,'000','2','合生通生产[mongodb-2]','','39.107.70.231','65508','hopson','7EF92B23DBE48D2996886B444D40308A','','CentOS','8核','32G','1','DBA','DBA','2021-05-21 16:18:50','2021-05-21 16:18:50');
insert  into `t_server`(`id`,`market_id`,`server_type`,`server_desc`,`server_auth`,`server_ip`,`server_port`,`server_user`,`server_pass`,`server_keys`,`server_os`,`server_cpu`,`server_mem`,`status`,`creator`,`updater`,`create_date`,`last_update_date`) values (147,'000','2','合生通生产[mongodb-3]','','47.93.198.194','65508','hopson','7EF92B23DBE48D2996886B444D40308A','','CentOS','8核','32G','1','DBA','DBA','2021-05-21 16:18:50','2021-05-21 16:18:50');
insert  into `t_server`(`id`,`market_id`,`server_type`,`server_desc`,`server_auth`,`server_ip`,`server_port`,`server_user`,`server_pass`,`server_keys`,`server_os`,`server_cpu`,`server_mem`,`status`,`creator`,`updater`,`create_date`,`last_update_date`) values (148,'666','1','商管-合约系统-生产数据库','','172.26.29.87','22','administrator','13280EAB002EBBE0A6BB43F392C95E11','','windows','8核','64G','1','DBA','DBA','2021-05-21 16:18:50','2021-05-21 16:18:50');
insert  into `t_server`(`id`,`market_id`,`server_type`,`server_desc`,`server_auth`,`server_ip`,`server_port`,`server_user`,`server_pass`,`server_keys`,`server_os`,`server_cpu`,`server_mem`,`status`,`creator`,`updater`,`create_date`,`last_update_date`) values (150,'666','1','商管-合约系统-测试数据库','','172.26.29.88','22','administrator','13280EAB002EBBE0A6BB43F392C95E11','','windows','8核','64G','1','DBA','DBA','2021-05-21 16:18:50','2021-05-21 16:18:50');
insert  into `t_server`(`id`,`market_id`,`server_type`,`server_desc`,`server_auth`,`server_ip`,`server_port`,`server_user`,`server_pass`,`server_keys`,`server_os`,`server_cpu`,`server_mem`,`status`,`creator`,`updater`,`create_date`,`last_update_date`) values (152,'666','4','商管-合约系统-web服务器1','','172.26.29.84','22','administrator','13280EAB002EBBE0A6BB43F392C95E11','','windows','8核','64G','1','DBA','DBA','2021-05-21 16:18:50','2021-05-21 16:18:50');
insert  into `t_server`(`id`,`market_id`,`server_type`,`server_desc`,`server_auth`,`server_ip`,`server_port`,`server_user`,`server_pass`,`server_keys`,`server_os`,`server_cpu`,`server_mem`,`status`,`creator`,`updater`,`create_date`,`last_update_date`) values (155,'666','4','商管-合约系统-web服务器2','','172.26.29.85','22','administrator','13280EAB002EBBE0A6BB43F392C95E11','','windows','8核','64G','1','DBA','DBA','2021-05-21 16:18:50','2021-05-21 16:18:50');
insert  into `t_server`(`id`,`market_id`,`server_type`,`server_desc`,`server_auth`,`server_ip`,`server_port`,`server_user`,`server_pass`,`server_keys`,`server_os`,`server_cpu`,`server_mem`,`status`,`creator`,`updater`,`create_date`,`last_update_date`) values (157,'666','4','商管-预算系统-web服务器1','','172.26.29.112','22','administrator','13280EAB002EBBE0A6BB43F392C95E11','','windows','8核','64G','1','DBA','DBA','2021-05-21 16:18:50','2021-05-21 16:18:50');
insert  into `t_server`(`id`,`market_id`,`server_type`,`server_desc`,`server_auth`,`server_ip`,`server_port`,`server_user`,`server_pass`,`server_keys`,`server_os`,`server_cpu`,`server_mem`,`status`,`creator`,`updater`,`create_date`,`last_update_date`) values (159,'666','4','商管-预算系统-web服务器2','','172.26.29.83','22','administrator','13280EAB002EBBE0A6BB43F392C95E11','','windows','8核','64G','1','DBA','DBA','2021-05-21 16:18:50','2021-05-21 16:18:50');
insert  into `t_server`(`id`,`market_id`,`server_type`,`server_desc`,`server_auth`,`server_ip`,`server_port`,`server_user`,`server_pass`,`server_keys`,`server_os`,`server_cpu`,`server_mem`,`status`,`creator`,`updater`,`create_date`,`last_update_date`) values (162,'666','4','商管-预算系统-TFS服务器','','172.26.29.86','22','administrator','13280EAB002EBBE0A6BB43F392C95E11','','windows','8核','64G','1','DBA','DBA','2021-05-21 16:18:50','2021-05-21 16:18:50');

/*Table structure for table `t_user` */

CREATE TABLE `t_user` (
  `id` int(11) NOT NULL AUTO_INCREMENT,
  `name` varchar(20) NOT NULL DEFAULT '',
  `emp_no` varchar(10) NOT NULL DEFAULT '',
  `gender` varchar(1) NOT NULL DEFAULT '',
  `email` varchar(50) NOT NULL DEFAULT '',
  `phone` varchar(20) DEFAULT NULL,
  `dept_no` varchar(2) NOT NULL DEFAULT '',
  `expire_date` date NOT NULL,
  `password` varchar(100) NOT NULL DEFAULT '',
  `status` varchar(1) NOT NULL DEFAULT '',
  `login_name` varchar(20) NOT NULL DEFAULT '',
  `creator` varchar(10) NOT NULL DEFAULT '',
  `updater` varchar(10) NOT NULL DEFAULT '',
  `create_date` datetime NOT NULL,
  `last_update_date` datetime NOT NULL,
  PRIMARY KEY (`id`)
) ENGINE=InnoDB AUTO_INCREMENT=375 DEFAULT CHARSET=utf8mb4;

/*Data for the table `t_user` */

insert  into `t_user`(`id`,`name`,`emp_no`,`gender`,`email`,`phone`,`dept_no`,`expire_date`,`password`,`status`,`login_name`,`creator`,`updater`,`create_date`,`last_update_date`) values (159,'马飞','190343','1','190343@lifeat.cn','15810420106','06','2021-06-30','E0E0C5305A8AEB8159E5C35EFA9275F6','1','mafei','DBA','DBA','2018-07-03 00:00:00','2021-02-07 00:00:00');
insert  into `t_user`(`id`,`name`,`emp_no`,`gender`,`email`,`phone`,`dept_no`,`expire_date`,`password`,`status`,`login_name`,`creator`,`updater`,`create_date`,`last_update_date`) values (162,'管理员','190343','1','190343@lifeat.cn','15801620810','03','2021-05-30','84178541B43712FCFD5DCF43D62B6FDD','1','admin','DBA','DBA','2018-08-27 00:00:00','2020-12-03 00:00:00');
insert  into `t_user`(`id`,`name`,`emp_no`,`gender`,`email`,`phone`,`dept_no`,`expire_date`,`password`,`status`,`login_name`,`creator`,`updater`,`create_date`,`last_update_date`) values (165,'王芳芳','190241','2','190241@lifeat.com','18310189890','01','2020-12-31','DD955894EEC804122C45E8782F51FF9C','1','wangfangfang','DBA','DBA','2019-03-19 00:00:00','2020-04-09 00:00:00');
insert  into `t_user`(`id`,`name`,`emp_no`,`gender`,`email`,`phone`,`dept_no`,`expire_date`,`password`,`status`,`login_name`,`creator`,`updater`,`create_date`,`last_update_date`) values (168,'陆俊彪','609012','1','609012@hopson.com.cn','15652630399','01','2020-12-31','727267D7BA387691399B90520C47EC81','1','lujunbiao','DBA','DBA','2019-03-19 00:00:00','2020-04-09 00:00:00');
insert  into `t_user`(`id`,`name`,`emp_no`,`gender`,`email`,`phone`,`dept_no`,`expire_date`,`password`,`status`,`login_name`,`creator`,`updater`,`create_date`,`last_update_date`) values (177,'顾晓','608545','1','608545@hopson.com.cn','13699105067','01','2023-12-28','116C9E3012CCCD3732C5F356CBB19322','1','guxiao','DBA','DBA','2019-03-19 00:00:00','2021-05-14 00:28:35');
insert  into `t_user`(`id`,`name`,`emp_no`,`gender`,`email`,`phone`,`dept_no`,`expire_date`,`password`,`status`,`login_name`,`creator`,`updater`,`create_date`,`last_update_date`) values (180,'张世超','190320','2','190320@lifeat.cn','15510443664','01','2019-12-13','7C307431EF4397C21B89AA2767781771','1','zhangshichao','DBA','DBA','2019-03-19 00:00:00','2021-05-13 23:14:08');
insert  into `t_user`(`id`,`name`,`emp_no`,`gender`,`email`,`phone`,`dept_no`,`expire_date`,`password`,`status`,`login_name`,`creator`,`updater`,`create_date`,`last_update_date`) values (183,'冯甜甜','609701','2','609701@lifeat.cn','13031738066','03','2020-12-31','6CA0C9ABC031A37D7C6720BCB190E693','1','fengtiantian','DBA','DBA','2019-03-19 00:00:00','2021-05-12 17:27:07');
insert  into `t_user`(`id`,`name`,`emp_no`,`gender`,`email`,`phone`,`dept_no`,`expire_date`,`password`,`status`,`login_name`,`creator`,`updater`,`create_date`,`last_update_date`) values (189,'申豹','190291','1','190291@lifeat.cn','13460690607','01','2020-12-31','496C6C4913A8BF11F4148FE2ADE988C9','1','shenbao','DBA','DBA','2019-03-19 00:00:00','2021-05-13 14:07:06');
insert  into `t_user`(`id`,`name`,`emp_no`,`gender`,`email`,`phone`,`dept_no`,`expire_date`,`password`,`status`,`login_name`,`creator`,`updater`,`create_date`,`last_update_date`) values (192,'王志鹏','608520','1','608520@hopson.com.cn','15011380929','01','2020-12-31','FDDBA867D66993270BDB7A3B9A95C275','1','wangzhipeng','DBA','DBA','2019-03-19 00:00:00','2021-05-13 08:25:28');
insert  into `t_user`(`id`,`name`,`emp_no`,`gender`,`email`,`phone`,`dept_no`,`expire_date`,`password`,`status`,`login_name`,`creator`,`updater`,`create_date`,`last_update_date`) values (195,'郭张书','190205','1','190205@lifeat.cn','18210171811','06','2029-12-31','563FF21CA32937FFF097317BED75A188','1','guozhangshu','DBA','DBA','2019-03-19 00:00:00','2021-05-12 17:44:48');
insert  into `t_user`(`id`,`name`,`emp_no`,`gender`,`email`,`phone`,`dept_no`,`expire_date`,`password`,`status`,`login_name`,`creator`,`updater`,`create_date`,`last_update_date`) values (198,'龚涛','609479','1','609479@hopson.com.cn','13811818420','01','2020-12-31','E8D8C75B8090A5CB80CFBC57A7BF7218','1','gongtao','DBA','DBA','2019-03-20 00:00:00','2020-04-29 00:00:00');
insert  into `t_user`(`id`,`name`,`emp_no`,`gender`,`email`,`phone`,`dept_no`,`expire_date`,`password`,`status`,`login_name`,`creator`,`updater`,`create_date`,`last_update_date`) values (201,'龚海鹏','300146','1','gonghaipeng@hopson.com.cn','18611116528','01','2020-12-31','1B1B3DC3C40A5C922E73FDCE000F5F77','1','gonghaipeng','DBA','DBA','2019-03-20 00:00:00','2020-05-15 00:00:00');
insert  into `t_user`(`id`,`name`,`emp_no`,`gender`,`email`,`phone`,`dept_no`,`expire_date`,`password`,`status`,`login_name`,`creator`,`updater`,`create_date`,`last_update_date`) values (204,'李锁臣','190379','1','190379@lifeat.cn','1234234343','06','2020-12-31','225B3CE8F94B9A51CB2C513DC1F213F0','1','lisuochen','DBA','DBA','2019-07-27 00:00:00','2020-04-27 00:00:00');
insert  into `t_user`(`id`,`name`,`emp_no`,`gender`,`email`,`phone`,`dept_no`,`expire_date`,`password`,`status`,`login_name`,`creator`,`updater`,`create_date`,`last_update_date`) values (207,'吕瑞超','190654','1','190654@lifeat.cn','17800166063','06','2020-12-31','86CBEDF6C6330911006564A8CDE73207','1','lvruichao','DBA','DBA','2020-02-28 00:00:00','2020-10-12 00:00:00');
insert  into `t_user`(`id`,`name`,`emp_no`,`gender`,`email`,`phone`,`dept_no`,`expire_date`,`password`,`status`,`login_name`,`creator`,`updater`,`create_date`,`last_update_date`) values (210,'刘洪林','190386','1','190386@lifeat.cn','13699277961','06','2022-01-31','3A022D75E6D5ED45D66221F0365AF613','1','liuhonglin','DBA','DBA','2020-03-04 00:00:00','2021-04-01 00:00:00');
insert  into `t_user`(`id`,`name`,`emp_no`,`gender`,`email`,`phone`,`dept_no`,`expire_date`,`password`,`status`,`login_name`,`creator`,`updater`,`create_date`,`last_update_date`) values (213,'李彬','190375','1','190375@lifeat.cn','18500048699','06','2020-12-31','6640FB3CC9094D61DE5E0AC71E77F113','1','libin','DBA','DBA','2020-03-04 00:00:00','2020-03-04 00:00:00');
insert  into `t_user`(`id`,`name`,`emp_no`,`gender`,`email`,`phone`,`dept_no`,`expire_date`,`password`,`status`,`login_name`,`creator`,`updater`,`create_date`,`last_update_date`) values (216,'李世林','190435','1','190435@lifeat.cn','17603437443','06','2020-12-31','2110435F38A220BF559D1B19BB6E6543','1','lishilin','DBA','DBA','2020-03-04 00:00:00','2020-03-04 00:00:00');
insert  into `t_user`(`id`,`name`,`emp_no`,`gender`,`email`,`phone`,`dept_no`,`expire_date`,`password`,`status`,`login_name`,`creator`,`updater`,`create_date`,`last_update_date`) values (219,'宋胜阳','190438','1','190438@lifeat.cn','18610931339','06','2020-12-31','75653369C3061A1FA12537174CFA2572','1','songshengyang','DBA','DBA','2020-03-04 00:00:00','2020-03-04 00:00:00');
insert  into `t_user`(`id`,`name`,`emp_no`,`gender`,`email`,`phone`,`dept_no`,`expire_date`,`password`,`status`,`login_name`,`creator`,`updater`,`create_date`,`last_update_date`) values (222,'刘旭','190453','1','190453@lifeat.cn','123123123123','06','2020-12-31','2195E71D3F77DA8FAA3A8C10F1D154FC','1','liuxu','DBA','DBA','2020-03-04 00:00:00','2020-04-09 00:00:00');
insert  into `t_user`(`id`,`name`,`emp_no`,`gender`,`email`,`phone`,`dept_no`,`expire_date`,`password`,`status`,`login_name`,`creator`,`updater`,`create_date`,`last_update_date`) values (225,'孙鹏','190656','1','190656@lifeat.cn','17853100297','06','2020-12-31','E77B892D6B0E105602483174B98AA7F8','1','sunpeng','DBA','DBA','2020-03-04 00:00:00','2020-03-04 00:00:00');
insert  into `t_user`(`id`,`name`,`emp_no`,`gender`,`email`,`phone`,`dept_no`,`expire_date`,`password`,`status`,`login_name`,`creator`,`updater`,`create_date`,`last_update_date`) values (228,'侯鑫','190655','1','190655@lifeat.cn','18035541232','06','2020-12-31','5681C9460803235FBBC9EE84F3094A61','1','houxin','DBA','DBA','2020-03-04 00:00:00','2020-03-04 00:00:00');
insert  into `t_user`(`id`,`name`,`emp_no`,`gender`,`email`,`phone`,`dept_no`,`expire_date`,`password`,`status`,`login_name`,`creator`,`updater`,`create_date`,`last_update_date`) values (231,'田杰','190487','1','190487@lifeat.cn','18811152389','01','2020-12-31','5A15CBE91C8DB9A466BE7113A9B95906','1','tianjie','DBA','DBA','2020-03-04 00:00:00','2021-05-14 00:29:17');
insert  into `t_user`(`id`,`name`,`emp_no`,`gender`,`email`,`phone`,`dept_no`,`expire_date`,`password`,`status`,`login_name`,`creator`,`updater`,`create_date`,`last_update_date`) values (234,'黄元涛','190491','1','190491@lifeat.cn','18345559046','06','2020-12-31','5397D56998A2A1281A7559E9B580FA29','1','huangyuantao','DBA','DBA','2020-03-04 00:00:00','2020-12-24 00:00:00');
insert  into `t_user`(`id`,`name`,`emp_no`,`gender`,`email`,`phone`,`dept_no`,`expire_date`,`password`,`status`,`login_name`,`creator`,`updater`,`create_date`,`last_update_date`) values (237,'索其涛','190573','1','190573@lifeat.cn','15701625037','06','2020-12-31','058D1F6721E33124D3CBBB75383F120D','1','suoqitao','DBA','DBA','2020-03-04 00:00:00','2020-03-24 00:00:00');
insert  into `t_user`(`id`,`name`,`emp_no`,`gender`,`email`,`phone`,`dept_no`,`expire_date`,`password`,`status`,`login_name`,`creator`,`updater`,`create_date`,`last_update_date`) values (240,'肖振男','190657','1','190657@lifeat.cn','17610613001','06','2020-12-31','8B87830A780E4205B38710F7C66FB655','1','xiaozhennan','DBA','DBA','2020-03-04 00:00:00','2020-03-04 00:00:00');
insert  into `t_user`(`id`,`name`,`emp_no`,`gender`,`email`,`phone`,`dept_no`,`expire_date`,`password`,`status`,`login_name`,`creator`,`updater`,`create_date`,`last_update_date`) values (243,'王华杰','190648','1','190648@lifeat.cn','18500193260','06','2020-12-31','478B53471FF51FA3D9DD14D04A5480B6','1','wanghuajie','DBA','DBA','2020-03-04 00:00:00','2020-03-28 00:00:00');
insert  into `t_user`(`id`,`name`,`emp_no`,`gender`,`email`,`phone`,`dept_no`,`expire_date`,`password`,`status`,`login_name`,`creator`,`updater`,`create_date`,`last_update_date`) values (246,'李鉴衡','190579','1','190579@lifeat.cn','15503355529','06','2020-12-31','103EB52811020E31EA05D5C089ABE15D','1','lijianheng','DBA','DBA','2020-03-04 00:00:00','2020-03-04 00:00:00');
insert  into `t_user`(`id`,`name`,`emp_no`,`gender`,`email`,`phone`,`dept_no`,`expire_date`,`password`,`status`,`login_name`,`creator`,`updater`,`create_date`,`last_update_date`) values (249,'刘影','609064','2','609064@hopson.com.cn','13524366252','02','2020-12-31','D60DC143A5CAB07855AB76B1B2586960','1','liuying','DBA','DBA','2020-03-04 00:00:00','2020-03-04 00:00:00');
insert  into `t_user`(`id`,`name`,`emp_no`,`gender`,`email`,`phone`,`dept_no`,`expire_date`,`password`,`status`,`login_name`,`creator`,`updater`,`create_date`,`last_update_date`) values (255,'冉爽','190423','1','190423@lifeat.cn','18600750013','02','2020-12-31','ECF4899ADC1CEF69AF400F9DBCF430EC','1','ranshuang','DBA','DBA','2020-03-04 00:00:00','2020-03-04 00:00:00');
insert  into `t_user`(`id`,`name`,`emp_no`,`gender`,`email`,`phone`,`dept_no`,`expire_date`,`password`,`status`,`login_name`,`creator`,`updater`,`create_date`,`last_update_date`) values (264,'王保磊','190577','1','190577@lifeat.cn','18600347582','02','2020-12-31','5A0B8CE52D586081F5EE387801A79E33','1','wangbaolei','DBA','DBA','2020-03-04 00:00:00','2020-03-04 00:00:00');
insert  into `t_user`(`id`,`name`,`emp_no`,`gender`,`email`,`phone`,`dept_no`,`expire_date`,`password`,`status`,`login_name`,`creator`,`updater`,`create_date`,`last_update_date`) values (267,'姚计东','190653','1','190653@lifeat.cn','17191183007','02','2020-12-31','1BEA97B0CC4B22DE386FD6A4B5F404E8','1','yaojidong','DBA','DBA','2020-03-04 00:00:00','2020-03-04 00:00:00');
insert  into `t_user`(`id`,`name`,`emp_no`,`gender`,`email`,`phone`,`dept_no`,`expire_date`,`password`,`status`,`login_name`,`creator`,`updater`,`create_date`,`last_update_date`) values (273,'王博','190393','1','190393@lifeat.cn','﻿18813078624','01','2020-12-31','79E89A1CD02D37C2D1C92A6407AC024B','1','wangbo','DBA','DBA','2020-03-04 00:00:00','2020-03-24 00:00:00');
insert  into `t_user`(`id`,`name`,`emp_no`,`gender`,`email`,`phone`,`dept_no`,`expire_date`,`password`,`status`,`login_name`,`creator`,`updater`,`create_date`,`last_update_date`) values (279,'刘祖鹏','190459','1','190459@lifeat.cn','18500371823','01','2020-12-31','1BA9E8D27CD8BB0DAE65DFCF55D2591E','1','liuzupeng','DBA','DBA','2020-03-04 00:00:00','2020-03-04 00:00:00');
insert  into `t_user`(`id`,`name`,`emp_no`,`gender`,`email`,`phone`,`dept_no`,`expire_date`,`password`,`status`,`login_name`,`creator`,`updater`,`create_date`,`last_update_date`) values (282,'杨德欣','190376','1','190376@lifeat.cn','18600171529','01','2020-12-31','FC96C8ECB1DFA223B69F6F0972975CA9','1','yangdexin','DBA','DBA','2020-03-04 00:00:00','2020-03-04 00:00:00');
insert  into `t_user`(`id`,`name`,`emp_no`,`gender`,`email`,`phone`,`dept_no`,`expire_date`,`password`,`status`,`login_name`,`creator`,`updater`,`create_date`,`last_update_date`) values (291,'王露','190593','2','190593@lifeat.cn','18845573941','01','2020-12-31','A1567BD2B8FD7F24FE717A4E8B85FE24','1','wanglu','DBA','DBA','2020-03-04 00:00:00','2020-03-04 00:00:00');
insert  into `t_user`(`id`,`name`,`emp_no`,`gender`,`email`,`phone`,`dept_no`,`expire_date`,`password`,`status`,`login_name`,`creator`,`updater`,`create_date`,`last_update_date`) values (366,'','','','','','','2021-05-12','','1','','DBA','DBA','2021-05-07 17:58:00','2021-05-07 17:58:00');

/*Table structure for table `t_user_role` */

CREATE TABLE `t_user_role` (
  `id` int(11) NOT NULL AUTO_INCREMENT,
  `user_id` int(11) NOT NULL DEFAULT '0',
  `role_id` int(11) NOT NULL DEFAULT '0',
  PRIMARY KEY (`id`)
) ENGINE=InnoDB AUTO_INCREMENT=477 DEFAULT CHARSET=utf8mb4;

/*Data for the table `t_user_role` */

insert  into `t_user_role`(`id`,`user_id`,`role_id`) values (48,363,1);
insert  into `t_user_role`(`id`,`user_id`,`role_id`) values (51,363,5);
insert  into `t_user_role`(`id`,`user_id`,`role_id`) values (54,363,2);
insert  into `t_user_role`(`id`,`user_id`,`role_id`) values (57,363,3);
insert  into `t_user_role`(`id`,`user_id`,`role_id`) values (87,369,2);
insert  into `t_user_role`(`id`,`user_id`,`role_id`) values (90,270,3);
insert  into `t_user_role`(`id`,`user_id`,`role_id`) values (93,285,2);
insert  into `t_user_role`(`id`,`user_id`,`role_id`) values (96,285,3);
insert  into `t_user_role`(`id`,`user_id`,`role_id`) values (99,294,4);
insert  into `t_user_role`(`id`,`user_id`,`role_id`) values (102,288,2);
insert  into `t_user_role`(`id`,`user_id`,`role_id`) values (105,276,2);
insert  into `t_user_role`(`id`,`user_id`,`role_id`) values (108,276,3);
insert  into `t_user_role`(`id`,`user_id`,`role_id`) values (111,276,4);
insert  into `t_user_role`(`id`,`user_id`,`role_id`) values (252,183,2);
insert  into `t_user_role`(`id`,`user_id`,`role_id`) values (426,195,2);
insert  into `t_user_role`(`id`,`user_id`,`role_id`) values (429,195,4);
insert  into `t_user_role`(`id`,`user_id`,`role_id`) values (432,195,5);
insert  into `t_user_role`(`id`,`user_id`,`role_id`) values (435,195,3);
insert  into `t_user_role`(`id`,`user_id`,`role_id`) values (438,195,1);
insert  into `t_user_role`(`id`,`user_id`,`role_id`) values (441,192,2);
insert  into `t_user_role`(`id`,`user_id`,`role_id`) values (444,189,2);
insert  into `t_user_role`(`id`,`user_id`,`role_id`) values (456,180,1);
insert  into `t_user_role`(`id`,`user_id`,`role_id`) values (459,180,2);
insert  into `t_user_role`(`id`,`user_id`,`role_id`) values (462,177,4);
insert  into `t_user_role`(`id`,`user_id`,`role_id`) values (468,231,2);
insert  into `t_user_role`(`id`,`user_id`,`role_id`) values (471,231,4);
insert  into `t_user_role`(`id`,`user_id`,`role_id`) values (474,231,5);

/*Table structure for table `t_xtqx` */

CREATE TABLE `t_xtqx` (
  `id` varchar(255) NOT NULL,
  `name` varchar(20) NOT NULL DEFAULT '',
  `parent_id` varchar(10) NOT NULL DEFAULT '',
  `url` varchar(100) NOT NULL DEFAULT '',
  `status` varchar(1) NOT NULL DEFAULT '',
  `icon` varchar(50) DEFAULT '',
  `creator` varchar(10) DEFAULT NULL,
  `updater` varchar(10) DEFAULT NULL,
  `create_date` datetime DEFAULT NULL,
  `last_update_date` datetime DEFAULT NULL,
  PRIMARY KEY (`id`)
) ENGINE=InnoDB DEFAULT CHARSET=utf8mb4;

/*Data for the table `t_xtqx` */

insert  into `t_xtqx`(`id`,`name`,`parent_id`,`url`,`status`,`icon`,`creator`,`updater`,`create_date`,`last_update_date`) values ('0','根节点','','','1',NULL,'DBA','DBA','2021-05-10 08:51:59','2021-05-10 08:51:59');
insert  into `t_xtqx`(`id`,`name`,`parent_id`,`url`,`status`,`icon`,`creator`,`updater`,`create_date`,`last_update_date`) values ('001','用户管理','0','','1','fa fa-user','DBA','DBA','2021-05-10 08:51:59','2021-05-10 08:51:59');
insert  into `t_xtqx`(`id`,`name`,`parent_id`,`url`,`status`,`icon`,`creator`,`updater`,`create_date`,`last_update_date`) values ('00101','用户新增','001','/user_add','1',NULL,'DBA','DBA','2021-05-10 08:51:59','2021-05-10 08:51:59');
insert  into `t_xtqx`(`id`,`name`,`parent_id`,`url`,`status`,`icon`,`creator`,`updater`,`create_date`,`last_update_date`) values ('00102','用户查询','001','/user_query','1',NULL,'DBA','DBA','2021-05-10 08:51:59','2021-05-10 08:51:59');
insert  into `t_xtqx`(`id`,`name`,`parent_id`,`url`,`status`,`icon`,`creator`,`updater`,`create_date`,`last_update_date`) values ('00103','用户变更','001','/user_change','1','','DBA','DBA','2021-05-10 08:51:59','2021-05-13 14:40:51');
insert  into `t_xtqx`(`id`,`name`,`parent_id`,`url`,`status`,`icon`,`creator`,`updater`,`create_date`,`last_update_date`) values ('002','角色管理','0','','1','mdi mdi-account-switch','DBA','DBA','2021-05-10 08:51:59','2021-05-10 08:51:59');
insert  into `t_xtqx`(`id`,`name`,`parent_id`,`url`,`status`,`icon`,`creator`,`updater`,`create_date`,`last_update_date`) values ('00201','角色查询','002','/role_query','1',NULL,'DBA','DBA','2021-05-10 08:51:59','2021-05-10 08:51:59');
insert  into `t_xtqx`(`id`,`name`,`parent_id`,`url`,`status`,`icon`,`creator`,`updater`,`create_date`,`last_update_date`) values ('00202','角色新增','002','/role_add','1',NULL,'DBA','DBA','2021-05-10 08:51:59','2021-05-10 08:51:59');
insert  into `t_xtqx`(`id`,`name`,`parent_id`,`url`,`status`,`icon`,`creator`,`updater`,`create_date`,`last_update_date`) values ('00203','角色变更','002','/role_change','1',NULL,'DBA','DBA','2021-05-10 08:51:59','2021-05-10 08:51:59');
insert  into `t_xtqx`(`id`,`name`,`parent_id`,`url`,`status`,`icon`,`creator`,`updater`,`create_date`,`last_update_date`) values ('003','菜单管理','0','','1','mdi mdi-file-tree','DBA','DBA','2021-05-10 08:51:59','2021-05-10 08:51:59');
insert  into `t_xtqx`(`id`,`name`,`parent_id`,`url`,`status`,`icon`,`creator`,`updater`,`create_date`,`last_update_date`) values ('00301','菜单查询','003','/menu_query','1',NULL,'DBA','DBA','2021-05-10 08:51:59','2021-05-10 08:51:59');
insert  into `t_xtqx`(`id`,`name`,`parent_id`,`url`,`status`,`icon`,`creator`,`updater`,`create_date`,`last_update_date`) values ('00302','菜单新增','003','/menu_add','1',NULL,'DBA','DBA','2021-05-10 08:51:59','2021-05-10 08:51:59');
insert  into `t_xtqx`(`id`,`name`,`parent_id`,`url`,`status`,`icon`,`creator`,`updater`,`create_date`,`last_update_date`) values ('00303','菜单变更','003','/menu_change','1',NULL,'DBA','DBA','2021-05-10 08:51:59','2021-05-10 08:51:59');
insert  into `t_xtqx`(`id`,`name`,`parent_id`,`url`,`status`,`icon`,`creator`,`updater`,`create_date`,`last_update_date`) values ('004','数据源管理','0','','1','mdi mdi-chemical-weapon','DBA','DBA','2021-05-10 08:51:59','2021-05-10 08:51:59');
insert  into `t_xtqx`(`id`,`name`,`parent_id`,`url`,`status`,`icon`,`creator`,`updater`,`create_date`,`last_update_date`) values ('00401','数据源查询','004','/ds_query','1',NULL,'DBA','DBA','2021-05-10 08:51:59','2021-05-10 08:51:59');
insert  into `t_xtqx`(`id`,`name`,`parent_id`,`url`,`status`,`icon`,`creator`,`updater`,`create_date`,`last_update_date`) values ('00402','数据源新增','004','/ds_add','1',NULL,'DBA','DBA','2021-05-10 08:51:59','2021-05-10 08:51:59');
insert  into `t_xtqx`(`id`,`name`,`parent_id`,`url`,`status`,`icon`,`creator`,`updater`,`create_date`,`last_update_date`) values ('00403','数据源维护','004','/ds_change','1',NULL,'DBA','DBA','2021-05-10 08:51:59','2021-05-10 08:51:59');
insert  into `t_xtqx`(`id`,`name`,`parent_id`,`url`,`status`,`icon`,`creator`,`updater`,`create_date`,`last_update_date`) values ('005','服务器管理','0','','1','mdi mdi-monitor','DBA','DBA','2021-05-10 08:51:59','2021-05-10 08:51:59');
insert  into `t_xtqx`(`id`,`name`,`parent_id`,`url`,`status`,`icon`,`creator`,`updater`,`create_date`,`last_update_date`) values ('00501','服务器查询','005','/server_query','1',NULL,'DBA','DBA','2021-05-10 08:51:59','2021-05-10 08:51:59');
insert  into `t_xtqx`(`id`,`name`,`parent_id`,`url`,`status`,`icon`,`creator`,`updater`,`create_date`,`last_update_date`) values ('00502','新增服务器','005','/server_add','1',NULL,'DBA','DBA','2021-05-10 08:51:59','2021-05-10 08:51:59');
insert  into `t_xtqx`(`id`,`name`,`parent_id`,`url`,`status`,`icon`,`creator`,`updater`,`create_date`,`last_update_date`) values ('00503','服务器变更','005','/server_change','1',NULL,'DBA','DBA','2021-05-10 08:51:59','2021-05-10 08:51:59');
insert  into `t_xtqx`(`id`,`name`,`parent_id`,`url`,`status`,`icon`,`creator`,`updater`,`create_date`,`last_update_date`) values ('006','数据库管理','0','','1','mdi mdi-settings','DBA','DBA','2021-05-10 08:51:59','2021-05-10 08:51:59');
insert  into `t_xtqx`(`id`,`name`,`parent_id`,`url`,`status`,`icon`,`creator`,`updater`,`create_date`,`last_update_date`) values ('00601','实例创建','006','/db/inst/crt/query','1','','DBA','DBA','2021-05-10 08:51:59','2021-05-10 08:51:59');
insert  into `t_xtqx`(`id`,`name`,`parent_id`,`url`,`status`,`icon`,`creator`,`updater`,`create_date`,`last_update_date`) values ('00602','实例管理','006','/db/inst/query','1','','DBA','DBA','2021-05-10 08:51:59','2021-05-10 08:51:59');
insert  into `t_xtqx`(`id`,`name`,`parent_id`,`url`,`status`,`icon`,`creator`,`updater`,`create_date`,`last_update_date`) values ('00603','账号管理','006','/db/user/query','1','','DBA','DBA','2021-05-10 08:51:59','2021-05-10 08:51:59');
insert  into `t_xtqx`(`id`,`name`,`parent_id`,`url`,`status`,`icon`,`creator`,`updater`,`create_date`,`last_update_date`) values ('00604','配置管理','006','/db/inst/cfg/query','1','','DBA','DBA','2021-05-10 08:51:59','2021-05-10 08:51:59');
insert  into `t_xtqx`(`id`,`name`,`parent_id`,`url`,`status`,`icon`,`creator`,`updater`,`create_date`,`last_update_date`) values ('00605','权限管理','006','/db/inst/priv','0','','DBA','DBA','2021-05-10 08:51:59','2021-05-10 08:51:59');
insert  into `t_xtqx`(`id`,`name`,`parent_id`,`url`,`status`,`icon`,`creator`,`updater`,`create_date`,`last_update_date`) values ('00606','参数管理','006','/db/inst/para/query','0','','DBA','DBA','2021-05-10 08:51:59','2021-05-10 08:51:59');
insert  into `t_xtqx`(`id`,`name`,`parent_id`,`url`,`status`,`icon`,`creator`,`updater`,`create_date`,`last_update_date`) values ('00607','操作日志','006','/db/inst/opt/log/query','1','','DBA','DBA','2021-05-10 08:51:59','2021-05-10 08:51:59');
insert  into `t_xtqx`(`id`,`name`,`parent_id`,`url`,`status`,`icon`,`creator`,`updater`,`create_date`,`last_update_date`) values ('007','数据库监控','0','','1','ion-eye','DBA','DBA','2021-05-10 08:51:59','2021-05-10 08:51:59');
insert  into `t_xtqx`(`id`,`name`,`parent_id`,`url`,`status`,`icon`,`creator`,`updater`,`create_date`,`last_update_date`) values ('00701','指标管理','007','/monitor/index/query','1','','DBA','DBA','2021-05-10 08:51:59','2021-05-10 08:51:59');
insert  into `t_xtqx`(`id`,`name`,`parent_id`,`url`,`status`,`icon`,`creator`,`updater`,`create_date`,`last_update_date`) values ('00702','模板管理','007','/monitor/templete/query','1','','DBA','DBA','2021-05-10 08:51:59','2021-05-10 08:51:59');
insert  into `t_xtqx`(`id`,`name`,`parent_id`,`url`,`status`,`icon`,`creator`,`updater`,`create_date`,`last_update_date`) values ('00703','任务管理','007','/monitor/task/query','1','','DBA','DBA','2021-05-10 08:51:59','2021-05-10 08:51:59');
insert  into `t_xtqx`(`id`,`name`,`parent_id`,`url`,`status`,`icon`,`creator`,`updater`,`create_date`,`last_update_date`) values ('00704','监控图表','007','/monitor/graph/query','1','','DBA','DBA','2021-05-10 08:51:59','2021-05-10 08:51:59');
insert  into `t_xtqx`(`id`,`name`,`parent_id`,`url`,`status`,`icon`,`creator`,`updater`,`create_date`,`last_update_date`) values ('00705','监控大屏','007','/monitor/view','1',NULL,'DBA','DBA','2021-05-10 08:51:59','2021-05-10 08:51:59');
insert  into `t_xtqx`(`id`,`name`,`parent_id`,`url`,`status`,`icon`,`creator`,`updater`,`create_date`,`last_update_date`) values ('008','数据库工具','0','','0','mdi mdi-database','DBA','DBA','2021-05-10 08:51:59','2021-05-10 08:51:59');
insert  into `t_xtqx`(`id`,`name`,`parent_id`,`url`,`status`,`icon`,`creator`,`updater`,`create_date`,`last_update_date`) values ('00801','字典生成','008','/dba/dict','1','','DBA','DBA','2021-05-10 08:51:59','2021-05-10 08:51:59');
insert  into `t_xtqx`(`id`,`name`,`parent_id`,`url`,`status`,`icon`,`creator`,`updater`,`create_date`,`last_update_date`) values ('00802','Redis迁移','008','/redis/migrate','1','','DBA','DBA','2021-05-10 08:51:59','2021-05-10 08:51:59');
insert  into `t_xtqx`(`id`,`name`,`parent_id`,`url`,`status`,`icon`,`creator`,`updater`,`create_date`,`last_update_date`) values ('009','数据库备份','0','','1','mdi mdi-content-copy','DBA','DBA','2021-05-10 08:51:59','2021-05-10 08:51:59');
insert  into `t_xtqx`(`id`,`name`,`parent_id`,`url`,`status`,`icon`,`creator`,`updater`,`create_date`,`last_update_date`) values ('00901','新建备份','009','/backup_add','1','','DBA','DBA','2021-05-10 08:51:59','2021-05-10 08:51:59');
insert  into `t_xtqx`(`id`,`name`,`parent_id`,`url`,`status`,`icon`,`creator`,`updater`,`create_date`,`last_update_date`) values ('00902','备份维护','009','/backup_change','1','','DBA','DBA','2021-05-10 08:51:59','2021-05-10 08:51:59');
insert  into `t_xtqx`(`id`,`name`,`parent_id`,`url`,`status`,`icon`,`creator`,`updater`,`create_date`,`last_update_date`) values ('00903','任务查询','009','/backup_query','1','','DBA','DBA','2021-05-10 08:51:59','2021-05-10 08:51:59');
insert  into `t_xtqx`(`id`,`name`,`parent_id`,`url`,`status`,`icon`,`creator`,`updater`,`create_date`,`last_update_date`) values ('00904','日志查询','009','/backup_log_query','1','','DBA','DBA','2021-05-10 08:51:59','2021-05-10 08:51:59');
insert  into `t_xtqx`(`id`,`name`,`parent_id`,`url`,`status`,`icon`,`creator`,`updater`,`create_date`,`last_update_date`) values ('00905','日志分析','009','/backup_log_analyze','1','','DBA','DBA','2021-05-10 08:51:59','2021-05-10 08:51:59');
insert  into `t_xtqx`(`id`,`name`,`parent_id`,`url`,`status`,`icon`,`creator`,`updater`,`create_date`,`last_update_date`) values ('010','数据库恢复','0','','0','mdi mdi-backup-restore','DBA','DBA','2021-05-10 08:51:59','2021-05-10 08:51:59');
insert  into `t_xtqx`(`id`,`name`,`parent_id`,`url`,`status`,`icon`,`creator`,`updater`,`create_date`,`last_update_date`) values ('01001','恢复向导','010','/recover/guide','1','','DBA','DBA','2021-05-10 08:51:59','2021-05-10 08:51:59');
insert  into `t_xtqx`(`id`,`name`,`parent_id`,`url`,`status`,`icon`,`creator`,`updater`,`create_date`,`last_update_date`) values ('01002','恢复配置','010','/recover/config','1','','DBA','DBA','2021-05-10 08:51:59','2021-05-10 08:51:59');
insert  into `t_xtqx`(`id`,`name`,`parent_id`,`url`,`status`,`icon`,`creator`,`updater`,`create_date`,`last_update_date`) values ('01003','恢复查询','010','/recover/query','1','','DBA','DBA','2021-05-10 08:51:59','2021-05-10 08:51:59');
insert  into `t_xtqx`(`id`,`name`,`parent_id`,`url`,`status`,`icon`,`creator`,`updater`,`create_date`,`last_update_date`) values ('011','数据库同步','0','','1','mdi mdi-sync','DBA','DBA','2021-05-10 08:51:59','2021-05-10 08:51:59');
insert  into `t_xtqx`(`id`,`name`,`parent_id`,`url`,`status`,`icon`,`creator`,`updater`,`create_date`,`last_update_date`) values ('01101','离线同步','011','/sync/add','1','','DBA','DBA','2021-05-10 08:51:59','2021-05-10 08:51:59');
insert  into `t_xtqx`(`id`,`name`,`parent_id`,`url`,`status`,`icon`,`creator`,`updater`,`create_date`,`last_update_date`) values ('01102','同步维护','011','/sync/change','1','','DBA','DBA','2021-05-10 08:51:59','2021-05-10 08:51:59');
insert  into `t_xtqx`(`id`,`name`,`parent_id`,`url`,`status`,`icon`,`creator`,`updater`,`create_date`,`last_update_date`) values ('01103','任务查询','011','/sync/query','1','','DBA','DBA','2021-05-10 08:51:59','2021-05-10 08:51:59');
insert  into `t_xtqx`(`id`,`name`,`parent_id`,`url`,`status`,`icon`,`creator`,`updater`,`create_date`,`last_update_date`) values ('01104','日志查询','011','/sync/log/query','1','','DBA','DBA','2021-05-10 08:51:59','2021-05-10 08:51:59');
insert  into `t_xtqx`(`id`,`name`,`parent_id`,`url`,`status`,`icon`,`creator`,`updater`,`create_date`,`last_update_date`) values ('01105','日志分析','011','/sync/log/analyze','1','','DBA','DBA','2021-05-10 08:51:59','2021-05-10 08:51:59');
insert  into `t_xtqx`(`id`,`name`,`parent_id`,`url`,`status`,`icon`,`creator`,`updater`,`create_date`,`last_update_date`) values ('01107','同步拓扑','011','/sync/log/graph','0','','DBA','DBA','2021-05-10 08:51:59','2021-05-10 08:51:59');
insert  into `t_xtqx`(`id`,`name`,`parent_id`,`url`,`status`,`icon`,`creator`,`updater`,`create_date`,`last_update_date`) values ('01108','实时同步','011','/sync/log/real','1','','DBA','DBA','2021-05-10 08:51:59','2021-05-10 08:51:59');
insert  into `t_xtqx`(`id`,`name`,`parent_id`,`url`,`status`,`icon`,`creator`,`updater`,`create_date`,`last_update_date`) values ('01109','日志同步','011','/sync/log/kafaca','1',NULL,'DBA','DBA','2021-05-10 08:51:59','2021-05-10 08:51:59');
insert  into `t_xtqx`(`id`,`name`,`parent_id`,`url`,`status`,`icon`,`creator`,`updater`,`create_date`,`last_update_date`) values ('012','数据库传输','0','','1','mdi mdi-swap-horizontal','DBA','DBA','2021-05-10 08:51:59','2021-05-10 08:51:59');
insert  into `t_xtqx`(`id`,`name`,`parent_id`,`url`,`status`,`icon`,`creator`,`updater`,`create_date`,`last_update_date`) values ('01201','新建传输','012','/transfer/add','1','','DBA','DBA','2021-05-10 08:51:59','2021-05-10 08:51:59');
insert  into `t_xtqx`(`id`,`name`,`parent_id`,`url`,`status`,`icon`,`creator`,`updater`,`create_date`,`last_update_date`) values ('01202','传输查询','012','/transfer/query','1','','DBA','DBA','2021-05-10 08:51:59','2021-05-10 08:51:59');
insert  into `t_xtqx`(`id`,`name`,`parent_id`,`url`,`status`,`icon`,`creator`,`updater`,`create_date`,`last_update_date`) values ('01203','传输维护','012','/transfer/change','1','','DBA','DBA','2021-05-10 08:51:59','2021-05-10 08:51:59');
insert  into `t_xtqx`(`id`,`name`,`parent_id`,`url`,`status`,`icon`,`creator`,`updater`,`create_date`,`last_update_date`) values ('01204','日志查询','012','/transfer/log/query','1','','DBA','DBA','2021-05-10 08:51:59','2021-05-10 08:51:59');
insert  into `t_xtqx`(`id`,`name`,`parent_id`,`url`,`status`,`icon`,`creator`,`updater`,`create_date`,`last_update_date`) values ('013','数据库归档','0','','1','mdi mdi-lan-connect','DBA','DBA','2021-05-10 08:51:59','2021-05-10 08:51:59');
insert  into `t_xtqx`(`id`,`name`,`parent_id`,`url`,`status`,`icon`,`creator`,`updater`,`create_date`,`last_update_date`) values ('01301','新建归档','013','/archive/add','1','','DBA','DBA','2021-05-10 08:51:59','2021-05-10 08:51:59');
insert  into `t_xtqx`(`id`,`name`,`parent_id`,`url`,`status`,`icon`,`creator`,`updater`,`create_date`,`last_update_date`) values ('01302','归档查询','013','/archive/query','1','','DBA','DBA','2021-05-10 08:51:59','2021-05-10 08:51:59');
insert  into `t_xtqx`(`id`,`name`,`parent_id`,`url`,`status`,`icon`,`creator`,`updater`,`create_date`,`last_update_date`) values ('01303','归档维护','013','/archive/change','1','','DBA','DBA','2021-05-10 08:51:59','2021-05-10 08:51:59');
insert  into `t_xtqx`(`id`,`name`,`parent_id`,`url`,`status`,`icon`,`creator`,`updater`,`create_date`,`last_update_date`) values ('01304','日志查询','013','/archive/log/query','1','','DBA','DBA','2021-05-10 08:51:59','2021-05-10 08:51:59');
insert  into `t_xtqx`(`id`,`name`,`parent_id`,`url`,`status`,`icon`,`creator`,`updater`,`create_date`,`last_update_date`) values ('014','数据库部署','0','','0','mdi mdi-polymer','DBA','DBA','2021-05-10 08:51:59','2021-05-10 08:51:59');
insert  into `t_xtqx`(`id`,`name`,`parent_id`,`url`,`status`,`icon`,`creator`,`updater`,`create_date`,`last_update_date`) values ('015','大数据同步','0','','1','ion-ios7-pulse-strong','DBA','DBA','2021-05-10 08:51:59','2021-05-10 08:51:59');
insert  into `t_xtqx`(`id`,`name`,`parent_id`,`url`,`status`,`icon`,`creator`,`updater`,`create_date`,`last_update_date`) values ('01501','新增同步','015','/bigdata/add','1','','DBA','DBA','2021-05-10 08:51:59','2021-05-10 08:51:59');
insert  into `t_xtqx`(`id`,`name`,`parent_id`,`url`,`status`,`icon`,`creator`,`updater`,`create_date`,`last_update_date`) values ('01502','任务查询','015','/bigdata/query','1','','DBA','DBA','2021-05-10 08:51:59','2021-05-10 08:51:59');
insert  into `t_xtqx`(`id`,`name`,`parent_id`,`url`,`status`,`icon`,`creator`,`updater`,`create_date`,`last_update_date`) values ('01503','同步维护','015','/bigdata/change','1','','DBA','DBA','2021-05-10 08:51:59','2021-05-10 08:51:59');
insert  into `t_xtqx`(`id`,`name`,`parent_id`,`url`,`status`,`icon`,`creator`,`updater`,`create_date`,`last_update_date`) values ('01504','日志分析','015','/bigdata/log/analyze','1','','DBA','DBA','2021-05-10 08:51:59','2021-05-10 08:51:59');
insert  into `t_xtqx`(`id`,`name`,`parent_id`,`url`,`status`,`icon`,`creator`,`updater`,`create_date`,`last_update_date`) values ('016','慢日志管理','0','','1','mdi mdi-crop','DBA','DBA','2021-05-10 08:51:59','2021-05-10 08:51:59');
insert  into `t_xtqx`(`id`,`name`,`parent_id`,`url`,`status`,`icon`,`creator`,`updater`,`create_date`,`last_update_date`) values ('01601','慢日志新增','016','/slow/add','1','','DBA','DBA','2021-05-10 08:51:59','2021-05-10 08:51:59');
insert  into `t_xtqx`(`id`,`name`,`parent_id`,`url`,`status`,`icon`,`creator`,`updater`,`create_date`,`last_update_date`) values ('01602','慢日志维护','016','/slow/change','1','','DBA','DBA','2021-05-10 08:51:59','2021-05-10 08:51:59');
insert  into `t_xtqx`(`id`,`name`,`parent_id`,`url`,`status`,`icon`,`creator`,`updater`,`create_date`,`last_update_date`) values ('01603','慢日志查询','016','/slow/log/query','1','','DBA','DBA','2021-05-10 08:51:59','2021-05-10 08:51:59');
insert  into `t_xtqx`(`id`,`name`,`parent_id`,`url`,`status`,`icon`,`creator`,`updater`,`create_date`,`last_update_date`) values ('01604','慢日志分析','016','/slow/log/analyze','1','','DBA','DBA','2021-05-10 08:51:59','2021-05-10 08:51:59');
insert  into `t_xtqx`(`id`,`name`,`parent_id`,`url`,`status`,`icon`,`creator`,`updater`,`create_date`,`last_update_date`) values ('017','工单管理','0','','1','mdi mdi-format-align-left','DBA','DBA','2021-05-10 08:51:59','2021-05-10 08:51:59');
insert  into `t_xtqx`(`id`,`name`,`parent_id`,`url`,`status`,`icon`,`creator`,`updater`,`create_date`,`last_update_date`) values ('01701','我的工单','017','/order/query','1','','DBA','DBA','2021-05-10 08:51:59','2021-05-10 08:51:59');
insert  into `t_xtqx`(`id`,`name`,`parent_id`,`url`,`status`,`icon`,`creator`,`updater`,`create_date`,`last_update_date`) values ('01702','SQL查询','017','/sql/query','1','','DBA','DBA','2021-05-10 08:51:59','2021-05-10 08:51:59');
insert  into `t_xtqx`(`id`,`name`,`parent_id`,`url`,`status`,`icon`,`creator`,`updater`,`create_date`,`last_update_date`) values ('01703','SQL发布','017','/sql/release','1','','DBA','DBA','2021-05-10 08:51:59','2021-05-10 08:51:59');
insert  into `t_xtqx`(`id`,`name`,`parent_id`,`url`,`status`,`icon`,`creator`,`updater`,`create_date`,`last_update_date`) values ('01704','SQL审核','017','/sql/audit','1','','DBA','DBA','2021-05-10 08:51:59','2021-05-10 08:51:59');
insert  into `t_xtqx`(`id`,`name`,`parent_id`,`url`,`status`,`icon`,`creator`,`updater`,`create_date`,`last_update_date`) values ('01705','SQL执行','017','/sql/run','1','','DBA','DBA','2021-05-10 08:51:59','2021-05-10 08:51:59');
insert  into `t_xtqx`(`id`,`name`,`parent_id`,`url`,`status`,`icon`,`creator`,`updater`,`create_date`,`last_update_date`) values ('01706','SQL导出','017','/sql/exp','1','','DBA','DBA','2021-05-10 08:51:59','2021-05-10 08:51:59');
insert  into `t_xtqx`(`id`,`name`,`parent_id`,`url`,`status`,`icon`,`creator`,`updater`,`create_date`,`last_update_date`) values ('01707','phoenix查询','017','/sql/phoenix/sql','0','','DBA','DBA','2021-05-10 08:51:59','2021-05-10 08:51:59');
insert  into `t_xtqx`(`id`,`name`,`parent_id`,`url`,`status`,`icon`,`creator`,`updater`,`create_date`,`last_update_date`) values ('01708','phoenix发布','017','/sql/phoenix/release','0','','DBA','DBA','2021-05-10 08:51:59','2021-05-10 08:51:59');
insert  into `t_xtqx`(`id`,`name`,`parent_id`,`url`,`status`,`icon`,`creator`,`updater`,`create_date`,`last_update_date`) values ('018','任务管理','0','','0','mdi mdi-alarm','DBA','DBA','2021-05-10 08:51:59','2021-05-10 08:51:59');
insert  into `t_xtqx`(`id`,`name`,`parent_id`,`url`,`status`,`icon`,`creator`,`updater`,`create_date`,`last_update_date`) values ('01801','新建任务','018','/task/new','1','','DBA','DBA','2021-05-10 08:51:59','2021-05-10 08:51:59');
insert  into `t_xtqx`(`id`,`name`,`parent_id`,`url`,`status`,`icon`,`creator`,`updater`,`create_date`,`last_update_date`) values ('01802','任务查询','018','/task/query','1','','DBA','DBA','2021-05-10 08:51:59','2021-05-10 08:51:59');
insert  into `t_xtqx`(`id`,`name`,`parent_id`,`url`,`status`,`icon`,`creator`,`updater`,`create_date`,`last_update_date`) values ('01803','任务变更','018','/task/change','1','','DBA','DBA','2021-05-10 08:51:59','2021-05-10 08:51:59');
insert  into `t_xtqx`(`id`,`name`,`parent_id`,`url`,`status`,`icon`,`creator`,`updater`,`create_date`,`last_update_date`) values ('019','端口管理','0','','1','mdi mdi-code-brackets','DBA','DBA','2021-05-10 08:51:59','2021-05-10 08:51:59');
insert  into `t_xtqx`(`id`,`name`,`parent_id`,`url`,`status`,`icon`,`creator`,`updater`,`create_date`,`last_update_date`) values ('01901','端口新增','019','/port/add','1','','DBA','DBA','2021-05-10 08:51:59','2021-05-10 08:51:59');
insert  into `t_xtqx`(`id`,`name`,`parent_id`,`url`,`status`,`icon`,`creator`,`updater`,`create_date`,`last_update_date`) values ('01902','端口查询','019','/port/query','1','','DBA','DBA','2021-05-10 08:51:59','2021-05-10 08:51:59');
insert  into `t_xtqx`(`id`,`name`,`parent_id`,`url`,`status`,`icon`,`creator`,`updater`,`create_date`,`last_update_date`) values ('01903','端口维护','019','/port/change','1','','DBA','DBA','2021-05-10 08:51:59','2021-05-10 08:51:59');
insert  into `t_xtqx`(`id`,`name`,`parent_id`,`url`,`status`,`icon`,`creator`,`updater`,`create_date`,`last_update_date`) values ('020','功能管理','0','','1','mdi mdi-function','DBA','DBA','2021-05-10 08:51:59','2021-05-10 08:51:59');
insert  into `t_xtqx`(`id`,`name`,`parent_id`,`url`,`status`,`icon`,`creator`,`updater`,`create_date`,`last_update_date`) values ('02001','功能查询','020','/func/query','1','','DBA','DBA','2021-05-10 08:51:59','2021-05-10 08:51:59');
insert  into `t_xtqx`(`id`,`name`,`parent_id`,`url`,`status`,`icon`,`creator`,`updater`,`create_date`,`last_update_date`) values ('02002','功能新增','020','/func/add','1','','DBA','DBA','2021-05-10 08:51:59','2021-05-10 08:51:59');
insert  into `t_xtqx`(`id`,`name`,`parent_id`,`url`,`status`,`icon`,`creator`,`updater`,`create_date`,`last_update_date`) values ('02003','功能变更','020','/func/change','1','','DBA','DBA','2021-05-10 08:51:59','2021-05-10 08:51:59');
insert  into `t_xtqx`(`id`,`name`,`parent_id`,`url`,`status`,`icon`,`creator`,`updater`,`create_date`,`last_update_date`) values ('021','图片管理','0','','1','ion-images','DBA','DBA','2021-05-10 08:51:59','2021-05-10 08:51:59');
insert  into `t_xtqx`(`id`,`name`,`parent_id`,`url`,`status`,`icon`,`creator`,`updater`,`create_date`,`last_update_date`) values ('02101','新建任务','021','/minio/add','1','','DBA','DBA','2021-05-10 08:51:59','2021-05-10 08:51:59');
insert  into `t_xtqx`(`id`,`name`,`parent_id`,`url`,`status`,`icon`,`creator`,`updater`,`create_date`,`last_update_date`) values ('02102','任务查询','021','/minio/query','1','','DBA','DBA','2021-05-10 08:51:59','2021-05-10 08:51:59');
insert  into `t_xtqx`(`id`,`name`,`parent_id`,`url`,`status`,`icon`,`creator`,`updater`,`create_date`,`last_update_date`) values ('02103','任务维护','021','/minio/change','1','','DBA','DBA','2021-05-10 08:51:59','2021-05-10 08:51:59');
insert  into `t_xtqx`(`id`,`name`,`parent_id`,`url`,`status`,`icon`,`creator`,`updater`,`create_date`,`last_update_date`) values ('02104','日志查询','021','/minio/log/query','1','','DBA','DBA','2021-05-10 08:51:59','2021-05-10 08:51:59');
insert  into `t_xtqx`(`id`,`name`,`parent_id`,`url`,`status`,`icon`,`creator`,`updater`,`create_date`,`last_update_date`) values ('02105','日志分析','021','/minio/log/analyze','1','','DBA','DBA','2021-05-10 08:51:59','2021-05-10 08:51:59');
insert  into `t_xtqx`(`id`,`name`,`parent_id`,`url`,`status`,`icon`,`creator`,`updater`,`create_date`,`last_update_date`) values ('060','公告管理','0','','0','mdi mdi-message-text-outline','DBA','DBA','2021-05-10 08:51:59','2021-05-10 08:51:59');
insert  into `t_xtqx`(`id`,`name`,`parent_id`,`url`,`status`,`icon`,`creator`,`updater`,`create_date`,`last_update_date`) values ('06001','公告发布','060','/message/release','1','','DBA','DBA','2021-05-10 08:51:59','2021-05-10 08:51:59');
insert  into `t_xtqx`(`id`,`name`,`parent_id`,`url`,`status`,`icon`,`creator`,`updater`,`create_date`,`last_update_date`) values ('06002','公告查询','060','/message/query','1','','DBA','DBA','2021-05-10 08:51:59','2021-05-10 08:51:59');
insert  into `t_xtqx`(`id`,`name`,`parent_id`,`url`,`status`,`icon`,`creator`,`updater`,`create_date`,`last_update_date`) values ('06003','公告变更','060','/message/change','1','','DBA','DBA','2021-05-10 08:51:59','2021-05-10 08:51:59');
insert  into `t_xtqx`(`id`,`name`,`parent_id`,`url`,`status`,`icon`,`creator`,`updater`,`create_date`,`last_update_date`) values ('061','系统管理','0','','1','mdi mdi-settings','DBA','DBA','2021-05-10 08:51:59','2021-05-10 08:51:59');
insert  into `t_xtqx`(`id`,`name`,`parent_id`,`url`,`status`,`icon`,`creator`,`updater`,`create_date`,`last_update_date`) values ('06101','系统设置','061','/sys/setting','1','','DBA','DBA','2021-05-10 08:51:59','2021-05-10 08:51:59');
insert  into `t_xtqx`(`id`,`name`,`parent_id`,`url`,`status`,`icon`,`creator`,`updater`,`create_date`,`last_update_date`) values ('06102','代码管理','061','/sys/code','1','mdi mdi-code-brackets','DBA','DBA','2021-05-10 08:51:59','2021-05-10 08:51:59');
insert  into `t_xtqx`(`id`,`name`,`parent_id`,`url`,`status`,`icon`,`creator`,`updater`,`create_date`,`last_update_date`) values ('06103','审核规则','061','/sys/audit_rule','1','mdi mdi-crop','DBA','DBA','2021-05-10 08:51:59','2021-05-10 08:51:59');

/*!40101 SET SQL_MODE=@OLD_SQL_MODE */;
/*!40014 SET UNIQUE_CHECKS=@OLD_UNIQUE_CHECKS */;
/*!40111 SET SQL_NOTES=@OLD_SQL_NOTES */;
